排序,标题,热度,链接
1.,扎根中国大地赓续中华文脉厚植学术根基,,/l?e=598bujKP36SwHxY%2FDUPabo3XKlhYJ1LomhNxA2f2%2FZI753Tw6xBMBk3QvTmvzLPbrBL%2FJZkAry0tgAKY60RW9kLqlx5m84ZHrg4uiExIJJ0Fgh2eTAZ64qRYTuFPzyj2TOAP2NXm71D23QofoiTh1umZlU5G0NpH35fw5qLnUUKd4tdJf5rTl%2FnbcYNU1dUgpsJS54IV3q%2BXQrJvXJYaKGhKPjYkLqQu8uqqe08lzz%2BhDpxxtZ0A30fbaqmmpdi6Fg2VXDqXGz%2BIIPYbdtmk9o1XQpjO%2FPA1l79408K%2BHSn%2FtS0N29gvyEQlYCoUMXM4hWIpyJVdJxfydZTghu6HhVQvgVYR8KqoZgFLY%2BMdPDeGPHrVYYw7Ij6I3PubUBC4O7HcyOQpAkyJPjvF%2FoR6XNmCjmUrtHo%2BhlwuxaxJrsSWn6zYd1%2BEf2AKTY11fJMltG5KuhDrB%2BUavYSIHL3I5K42qesNwH5EetHqhXKJYLBH
2.,外交部回应优衣库不用新疆棉,299.0万,/l?e=988fjlm7wTwpAauliYB6xbl2Z61Y7bK3ND8v8uwvbw7BiszAbuxD9zR7RGachurJBkYsdRxXwSBqoJzCjJO3TKrGUaDE2hyh%2B4CBsroEJ%2BHWuueWeqkTd4ToEBLMAcjpJIew96%2B%2BA4x8uyh%2Bv9wzRIZeA35TcXilT8xFqSsXBqkyWCUdY2XqcSjFBYtRh2XVzoq31w2%2FF3h68iLu92rWIlKwfHPJjKQXyV1z5UEix3S5F3%2BNWHweRv5x4tr76EILAkVK2Za%2B2neUg1BZ%2BDPicuD1niKI6D5tUtZaKxCKoV8zikloqiDCOTjBgaP1yp153B9wcL1BEYqz0PEVpJ9lEZQOMfHQeFeny%2BErlo3o9sTtXeg8SkVNre0UE0VP%2FIM0T04qIiA6
3.,春晚官博回复檀健次春晚相关,晚会 888700,/l?e=d52d4mxLeA6E7Gg19YiRu4c%2B5VNze4NlgWGUipkQrZOF8FAuQl%2BvSz6sxe605P4djZtmNnpWorn5wMe1bNy6mO%2BCwslQsSMHABY0jaXlYmIP6LJPcxH24BW%2B7aNo%2BXmSq6BqrSI2mKtvJIWq7J2BSwLjcop05TsSP9E8nR6KO23E7xHIyLDDp2kPm%2FWMQToVRp8btWloJFdmVsgUuE4yt%2BT75ysi4vmDLG7iP66vaJHZSExmgK2LH4eoIlaV7Ygq7AjL9rcDHgkFFYaXkfkUgQvVii07p16uVgobI8HZahyPe2i5HpdaWJoSsxqYjUxc8%2FMgqd46CeEnzSXVa3F4d6ZUYX3LSEE8QRM%2Byx%2Bh0CuiMdJoO9kmGeZysRt9Xbkhfj7eisVQ
4.,43位志愿军烈士遗骸今日安葬,81.3万,/l?e=e628ynF1TpCM156cA0vHq%2Bk5%2FjLw%2BMQfdoTvnKZRnz3HMzvi6lq99NdA7u4McxdEtzFcoWOd%2F9pJU3PCV5vsEXSACLGW9lLMjY%2FzXWBeIrb%2FPHDlqrek%2B%2FNv6sPODRv0NQUOEmA5xgqmmgfOzglS1i36p82E%2BqK9ue1quFmz8cRZxUVYwnMmDrLhTw5ciW4OhqrHUe%2FsiBQsM0LMngQKzqKaQsD4OcHknxeJgEgvfL0VDN2unuXoicuriRbgs6PbRFAYbA9A1UKLKsLdVGajqXPnyt1jk%2FM2SOSQCBXFLMCBekciVhviDZnnAp7iqkQ4lS%2BmjTWOXeeUwRyPwPMVwfQTXYBwz8g3RaU9rkDtrteydJeQGkM6DgI
5.,韩安冉称do脸模板是赵露思,76.2万,/l?e=642e6ghXAN5vxMJJq3Rp2GQKoubrWOh%2Fnk2lJwl3QWucCg6cstwI1PTaU3JspagyEIDLCkPiDpwHgRt9%2Fx%2FhwvUzCM6zNjX9mF3dkCEuGDIBTGDKOL2Kq1WHO7eSFajGWLRP%2FoeucTQ2oH%2F4hh2593vkitIh13Mm%2BfeP3yZ3oRb0KSUwVQvhTpgXq6ynRlGd3vM8%2FDFdAox2fEryXjK2BVZtVodcj8DcoZiCu49OtuBeD5SFBN1WN6%2BnDLufRLioJhNytZ%2BfDJNTUgz02DWlrSNHWNHIuSCxQuoLz6clQKmLRrcU36gD%2BqmcoRImAP%2Fh1w1KsPdOXjFyjLEy%2FeRSvcFHYZCMKLd5v0U
6.,巴黎世家售出8天后要顾客补1147元,66.9万,/l?e=55d8RylSKqte3%2BG3LR5rwxv3cSM5lPECap06f9kro1gzviwomguE%2BKzAwaLe8znZTcusI0OAFBQZ0Zn7%2FGdh4xg6vIYaYMihdKPB56YaHq9rswFHXhHjr7HJlN1pPHlB%2BK61WfFq3dDAdgInKEnyBKw3VT1Mv9VybiTT0NNMlBnp%2BL4bO%2BGjt5fZv9RzNW2u%2BN7OgfijjyUb53AQUTZUCtEKF2Ks2rwxMMBD2B8l3uPIKnwfQNWANcgIWCVXLz4Fe5eeBM5FSziVKnoM2lIp7kyrxExSANyd0eUbNhM%2BA%2BLbRV6sip87DdldLj9JfAT4gF%2F2d7PDQN4TTRIHky5wOMY9nvjMjjdjRAHImfE0GG4gAIpf80%2BSItCxqtOWEeO6uWGjGFETkdLnxqM
7.,印政府还在用被封杀4年的中国APP,41.4万,/l?e=dd04npBfYmkceqg5eIFdOHkb1lE7%2BLDGPcnFIpuq044W5NOYQ8nYbiVEdjkdSTx753HFMFgKQvWLgrO0HG1l6VZF8WufU%2BCCJCRu860EIaFDro7mFyMDOGCbBj7sQFyl6aMLvvWZeoO%2BaMSwU0EspeT6wB3Lq9LkOpeoLshbIR83rZ8zbk9tbildFm7zsJQFhxQj%2ByOclHwVdUtna2tXmot0mg0zU1t5bD7kEZgy056zOGWr9ZKEjeBiOi%2F%2B93s1VWGDsy8gYhWx4lIzRyJloADLcI5InEvm6VayvHaOstrPfxVhtcum8oA9auMBdqAsNlvxVOsXyBBYHSpEoszrpma0CQHi%2FnkYFVC%2BNn49dJsvP%2F%2B04RMp7IAqaZRPr3hDHikqoClwF16fYg
8.,星动剪刀手养成日记,,/l?e=6d85qFrJnUzZdBwWbFNsDn2ifxDWAx5iugJhXYxdmaYTuRFvy59bn3HF7aVHJegmDEqfb2pdSQVL6nOBXPnjFNQZACChJ1USZe9R3otJcAN%2BaxyteaLoA7lmwv1JOLgoj7nhd1qAkezdtjArpBt%2BUFJJQfy3u%2FfAl4kchJsgCWFaqD7FUCbhH2olY5HyDRhRcAlgPYE%2ByP7zryE6hlTmYeFwQfUN1177boJAdFof5iIpcHzm7KV7d32mCHXN3vpeBUh5kKKXNtPFIsgLq6MOLCG9UMu%2BBKbdiGiSKmbCr5Hxq%2BLsjsPzJAu6
9.,鹿晗回应喝多了,41.3万,/l?e=fe82KE3GUx0lYaZnNAaUL3eUv5gKSlENr2WcuV9W%2Bebwx60f8sDBVc5Ixl%2B%2Bmz0hBf9Qsgzz42ozQcVvA0XSc8UxouIXBFRjC%2BuxDbC2JyPPztQs079XV4sSrRw%2BpaMU7vG5xVYpeKWd2oqrdHTkiSM1MCkUGovfwCU4o3cBpSM%2F9hGgIH0W3PT3bzB1bfDJTAL4v7RDh4TqynSICYfvCdq4QZtzWaUcTmNstsFS1wgvZGy%2BDDUiN%2BoqTmjERFLgREoMhLKYIRH%2F6vN6
10.,蛇年春晚标识有什么寓意,综艺 411590,/l?e=a016B4dw2TdDtPETOLPvtq8W1qPA4JNLpo1l1v3nt3ip324Cjd46bD1dH8SNaXbpeTA0G8IJivUYSp1F3Knmy5qSUIsHNrZ1KVHJtizsU5QxItnLfEuH%2BItbnCeBlJi1yUtwBTGleRBtQ2FIOs7Vh3cQgfdjzJZ6Fmqw9WkiOomEoiSk16lqjagVGJ4ESq8BrmcdGhl888Yks%2BFmpGs5aHCKtZsE0En2%2Bg6Iw0d0bFkzFonnRu7MwMqrj3HRSn8AsknF4Zxdd1LWbQeYSFZCkAtqzF3GqMb8UDglUgkeCj9pdQkYn1a2gchdTMMO0d6w7SWRt6z%2B5mbDi7IZelv3ODr0qDO29REn
11.,A股三大指数11月收红,40.9万,/l?e=2997weTvPLWdLb4uaJV%2F5H4lqmcBOBY5D%2FPVG2d05PlW4mJEVR2gxghpl%2FqI6ng2pvx8VKLzW8uR23rWDGDcc1nADAZgQsW6rTCe7CY0BPhQ9rXOugW6U9PgxMB0CThxItKUcy%2F%2FjKpklAjhZfS6RU8y42AktZ6e%2BStcrmGxgIHW%2FhvbmnTCUILFVHnZ9dt4kZVL7IwZ%2BfiH3kajD1m1aIie6kBf5a3k0zjGZhPxE0%2F%2BHORHtfGYO9pxHX02ShYPIVdmSGdnQYCh1Z2g4IwU11RJ%2FMAeXMW1gt5pcf6D
12.,韩国人的精致穷,40.6万,/l?e=6db0DdZjh%2B1KKS5X0faIXbmoioCqQFfe0IF0ojBFPFvaH4Hfo8Zk7DtNga1AqM0nPiiGkWiUbdzGwoNZRM4IjouRO1BaNAHB7XH7N7iUjZTMN2uRuDAG%2ByhV74OuDbNWF%2F88u2CrRmqZpAu9y6LvH0527s82Ch6%2FfjIpvHq9hVvATq7rOOBB14gyok4Y2uazD9ePJMeCQ%2BH8gfgPPUHmMSzZCdcgcs%2FeDpcso9rQAvS8%2B1pr0Mi1qiPimiAKyHUctukFGoCfPBi0dG8J
13.,17名男女KTV聚众吸毒被一锅端,39.7万,/l?e=bcd37McJr1%2FlZxY%2FokK3yDnDMeOHCeP1W0oyactyhU2twT1XSJVs1g%2BO7Kb3x6ZdNF%2BUbjiwaLvj5uKHzTIxp1FpMXk31b2eSVjpZeiy%2FCD6JujAJFU6SnM%2FxKBLIBL2F9FeM7ists3eaRcEnwbzkjA9v2Mm%2B62%2FdtEBfP2ImFgxjw9iJaZYuS7AuVQD58iBpGzPiXXakDfXSI97LJ879FCmucQCdn21rn8dHyEQ4VWJEM3o8JHGJuWCHffO55cJxht9EAMLiCWWkIOJ2PiVbrW5Q1Ui%2FdPKVQMcLHVbvzG42UdM4NhXt46XQ1I1V8trAWiOQsIajSXDregaecvTnRzmkJtAMEaiH50OpTE
14.,鹿晗好拽,37.6万,/l?e=3e41%2BKZow6dlXWiToW2408PqJ3lp02l4JsibmCJBPau1vi6DFxRcrPOvmvB%2BcjWu00UqoxyhPAXglosLt%2F2tWDnptjnDXln7XF0ntCfqFvBB0eQmVQcYyRGz93e%2BEaYZtAaO5Hxzp6EPxNX3Qi%2FXeH4GJkfp7SBhHWObDoE%2B590xa2gSgsxV%2FzN9y7DhRDsNnnltWNm9R5JWn8wnrWaN
15.,再见爱人4第七期视频没了,综艺 334653,/l?e=5b37dL1qhx1xupXJVnK7ySGNxoaRi2ivxoPFbbvA6jFPQvNzBJN%2BfPoccSBX7p258PaouOLf7%2B8Rr8cJxBxxlgVjtJmQ3tq%2B%2FMP0Qv3u%2FUCF9IOXcwylztqlt38HtNXd2oFUrYELXXS%2F72zuoun2WJPKQsAy8hbLHiOLBplXYjUUfWEVixOUUoMnKa2UvdPm%2Breqn7rF%2F45wtfTYUvomI8lTH2IY%2FR5VNdLYuQIJfz1wcJMZelqqSna%2FRZfxDSV32y2lehqf%2BSkTsC9MeFgxDl4UxsNNxWXMaGmxQCZ%2FgOMwRXHrSzYyoMxAh2xq6iWOJuKpK%2FoMOgEp6AKoO6gRgo7dlXryJpr9rA
16.,导致胃癌的6个高危因素,33.2万,/l?e=0fcemT%2Fj7%2BH4COUxvRXQJndWEkP0DKbLr3s4Wbp7BY883Z%2FxeYDpWjUnCux4GUe7DQFe0l5erKScwWpmNhyCYVchz1IWSkDSW9ePUV6K03EUtBVVYqwy%2BjV1WTQTPSOaZZ3OWFk%2BrVJM9SCCUehl%2BFSIlGKIytCwHoMicoQWpoWj733yWcYlByxPS3n%2Fp6AWmSfjKTJgBoW1tv5L2ObqkkXMGd3xCpYctLUWNrV1PAOVLm61Gwxgm7OIa4WXUlpVQyfUbEh7j%2BKGrEn41Gf%2FbN4Y%2FicUm9O2vZ5BL6h6jzz3GoS71JRjKRCFrIKmLinRjwXjaX1g0IG6IA
17.,黄雅琼回应郑思维退出国际赛场,30.2万,/l?e=7df1F2T%2BAgWwODcpsM%2BCODyVFBDqqukjlrUGOrtpyhacaR37BlDGzPqGYAcAql6QllSungbOBLlocrCbMslu4GDczMOaow6ouBiCeQaDCvBsY1vZICbnG7jn2ffalPXOO7O2GJRm1RofCLcKeMcZPAUEEq%2FCLmdShd891zdUa5859SbxKtbD7LJrjEhdwHMvHFhNXLBkGCP9IgiEvuKOBryR4QU57eB%2B9rAmbmm%2Bx%2BY725VnIS4KHH06egrSj%2FR76y%2F76sfw0I%2BwHlkTosWs6l0Nu8CIcIH9ezK3SBkiQShxKjognyJ7B%2FQRiQPEYO9aVNk9KS7u2j30LdoroM2xO%2Bz7a4Sh0PLKx7hvTwcod7DrXNbzZV5MGPOLUN1h9S%2BSljIrVHVTIFs22aGONM%2BloL4iL4KM
18.,美国女子抱婴儿袭警母女都被射杀,23.6万,/l?e=ec8fcSxqJP9ux9tvu2%2FKDw8ZEe%2Br8sxSv0PFSkUaTTGz9ip%2BM2feuYtMDGAbmCG3YkWSdByc3XzsaICipg5NR3L4i5OwQt0MGJHlc%2F7auzR2Vp26HGvnUkXL4rafY%2B4XQnYKGVG88HFAAzE7Jk1ZbyIOTlE3TQegGmPqCDlJ7OKeMTmTS1fO%2BwO2HsO7pxCWnMB81KldzJrtCKz5EpyBhRdiCBuHZfkbkNvjEnHGAcJqUWBbrVaXxrG7Zu9oQoHIKTBNV5t8UFobLtNokG4OMPT1oc1OnigWOya60kve%2FF%2FWiffTZlnqsoNXY%2Fy6iDkKsXX7yu3%2Bkf8hB4ZUkR6vuyhfWgzA0bpMVOdPcETIqps%2FdUXQB%2BzR%2FMahcqy1NflsPv0iIxWg7ZHnpITLYH7Ppi0e8OCU0qEMKQ7%2BrWePacUpG0%2Br
19.,官方公布冷藏车厢内8人窒息死亡详情,23.2万,/l?e=fd72PTYTwd6d%2FtQqEx0F6qANvcpGNNz%2BFEDnwPcRPp%2FVbkXOkGLaPJ9rc7ODBLMe2zRDHqBSXKXCeKgLBVVB8y8vFbBbWsgotUd9ShJeO1re9MSEPC13gR8b2wzGnUf6dlB0Ho2oBlhQrKzh9cB7HDB%2Fr3vPAi9PEavIRNZNY4r6LQNioQZCal2tlGqGWqNaYBcy%2B3Vn1D1Smu%2BT43G0d2pYzRkOR238TIsS1ePC7S1BIkJ4mbd1APQdorlHrgPBK%2BXP3TP%2B9iVY6FZirTQAtEUSm6o1%2BThc8S3k0hvm8kosIeIsmw0HpEmUofD9xdh1Pt0%2BQl6VuSBlFIW%2BJpkPTF0NviGEYXPWahvq5RhC1gXpvbgnRjjQjBSZSh6H3EDbrg9YyiwMvmyen%2B2NJBUa%2BeyZawxgBfaUogRPi4l12ecRD5fnpVdLlOtzbRjPWuCCuAcgmQ
20.,蛇年春晚看九命相柳,晚会 229738,/l?e=f443sorkxAo6Bhqq2sXsOjKn8Y3pMfwB68Flhf43RNEjSysnACu1aqsAs7DFd6i9tI1CVnLLMmDTDtB2zSBJEcj6LMN7KB%2BUrUfNlPm%2FX2RsP%2FTDg8odod7Q%2FJLzwXcj%2BfiaLJALPJNRHgYU7aMqa90ClewEP9uMhInftdUsjGCCxm9TtgLc3eEJH7MByw9IZ%2FY4zzpwdAmVIL5iPqdyn%2Fkz9Vr9y3MTjGwWtv2c4SiC13D2DPUWXRjUY7fmeEshAzMYakxEz8TIm2uf0BNiLsFQK%2BOjcLOHIN98NXwQP%2Bk8OI7eS8yxHNiG
21.,张婧仪眉骨阴影,22.3万,/l?e=c4a0B6t6scfbz57eWMzmj7St9uLI8XBCuzcqjUUjgzquvqWm1woxgUf52pe6igMGe2zfUBW%2F%2F9%2Bjlj1OoKlx5eg6U5FJwZ42LrNr5JkPnDxttM4w%2BTV0nVI0b7DxuXOfo8aZjYM%2FP4jEAIlfIbkJdbrklEQl2OKh32d2%2FouBW9sYk4GvdM3znrmb9O31bc%2BggU29%2F2BbXsIvyatmu5Pfj4s8R7Id4URmUmfMOl5DG%2BMUSvZxsz0sR9AUqFB7gjaleSLh7sCdErQLqMPu
22.,打游戏一直稳是什么体验,22.1万,/l?e=1d9b9mQJukxJXaOfbivclskUbOs%2BHjBKFQMXwMYICBaKacBif3W3XCI0PI21eq10fp6qPaLVCRluvPfgQwMeYWN6mKm7ksdvxHRMnvTtkoPEj2izxQlISB7PG%2BP1veRQ5%2Fw9wZuDauqtazE0l8vT8nM3HRQXCsSvO9zXBH8ER%2BZhWasHg95gAk0KKZGcb9Mo5a7hHzK%2FLdgMmHNacxDnZ4AlMMRoQcZvTDGPAV5XM8Mxion2FoKtzcADdn%2BXG9ve9GWN%2BHGLeT7j2THFd%2FzJcuNmVaF3zr6%2BtSEPMib%2F22e8fZu4AxtiIL9ZMN%2BWN9ckX05c1dnmlBdbWe40Hd1cuhdZDykCcXtm
23.,中国游客在马尔代夫潜水遭鲨鱼咬头,21.5万,/l?e=1004cKi4o6n0QS0Lc%2BK36o8%2BoAUaPoKJVFKKDj%2FW69HFtcK7XdITLsVl2VziSZsopLJ7VRZlpsLq0SXK4trV2xk%2BDPeDj2a9Qb8O8uctVZYomBsM3oCnxtn2KoSxMxD%2Bc7d4uCbU6z%2FXE641%2FYx8TtT1JC%2F13smwahc7OGRR2X%2FQQzJO4GK0BzGTqpb1mcI%2FitW0kThYwrkJEnouVryutD%2FPYi98ekcFGi5CTbjK%2FcRNtxH0IfDyht2ZDmB%2Fvjs55QiSCk1yWllK%2Bm0BlXLGgj0KMBFEZpJgtcO0MEMzl%2FPI%2F%2F%2FzOp5IKf4E1cOaDGwd9vmbEotlLaRAsVXHJk4U0DdhVKmSlNlaYUQ1dO%2FiJo916fK9lCFZJl3za6VVhmsaGofcGTugKL%2F9S871E1zimd0ZM%2FFgO4RkFN6PQ5eXFP9bLujsZsm%2FKchCdLvY4enIgJ0g
24.,周密把周芯竹买话筒的钱转给她了,20.9万,/l?e=4a82FHb1pL8uEQJ%2F3faNmsLFYVneUhqgbhCuwrBhzvS%2Bi4gSBjz78azTrxkVC6LNV3nmWNQiiZdn3PYx50gw0hEzS%2FcLMNTkNgLSlczGcQpgFFsu7ileJnTguNC%2BJZ%2FG0B%2Fd4kwRt86bWt0a5OsJntLfDkQq9E7kxG5DeDYiYuy1W1KDfvrzJXTN18%2BvsuZRwcW6Z6I6OGqngiQPmhbHQdr3QStkTfIJeYCs5jsspy7%2BKsJK9zD9T5b9yW9NlNpp7XARQl%2B%2Bv%2Bnk1c1Ivx1%2BvlUIiBUSR52QLBRhZK9vsrk4ZHRk7U778uQP9qwHA%2BUYXbD9ZDXPNhyqncDqMdZtK%2BAmPfItYMuYnwYpLE0%2FrA1nS2aVxbiQLJj73Sh10WOsI%2F1n8UbDpVvOW5vOVht9mmSOV3SUSgyGhuI7hoAkr509GoXQ
25.,冯绍峰接想想放学回家,20.8万,/l?e=3cc1jSzC2hflSnwgO3biepbEUF3ty7CbD1MA6C1TEmLuJjdHZzZRFR5YPqyHXX4J4EoBzLMJ3qWpeWI%2BZ3LaMFsIeUgMIUZhbBcafr9lQxgom8p71WVOFvjsosxHQB1Y8xG9b45KlOlrumdYRhdbbeb%2FZZBFjVmkUbG8pn9vd3%2B5Ptbh3I%2BShfGWZRK92wZgVjgkwpqyem1mvGbeFdhjz8IbWiGvl4IZU6qNNBv3vW9YoSqYYja0%2FsIcxM5e49gNFIVti3FbP6pxT2No3gtVFsJdjimXOnmu4nTbm73NK6GWy3T6IHZQ50XGnuylA28HHx7lbgvTTG%2F4
26.,林一长沙活动取消,20.1万,/l?e=4c60slWvXsthrB8x2uxPi%2BGcoIaOX3a5q0ZnysN6FyYsIMRYlBaU0QtWizBtoSG%2FY%2FmTXZqpziNRhgdBzDES4N3MOcBUbVaUZtWUJtCULwKO8g%2FRzeTqDwkf1du7P8vQxESEvPKDUksmgDmkpiXWMkytMw1Pbtop6RnCeno%2BEP%2BSJSXCB%2BYJfycYftwezIWBx8%2BspnO51dRtjaGfOg7mUQ%2BMtCGwwYuLVmZKSCOqtQLlahDNP5ODEAFeXaCt%2Fgrhk%2BcLO76rWlobFuA3lrCo%2B77%2FMxrhs0h5ITgs
27.,郑思维回复樊振东祝你我都一樊风顺,19.6万,/l?e=3e03%2FFdgJZc2Z9u1pRybABLAgxH1gEYlvFXXkAY3O8uAB%2FQSku6GHlQM%2B7MHvtvlQM7ZPnJVNzMk%2FNxZt5yVsltxyCSEaGvDv2oWSfycd47se%2BVcvJ%2FwHEwJCHndBw8eNk6t%2FtLtIcoAZFLk3wsnKAcsWYDl%2B2xU15EHSA%2FDxbQkTptw12KVAhhckH8zioPEj2ahcp%2Bt%2FAxZbb2KsGu4HRjYF7aK0DhT6WgIlSovETvYA5YOj54HzV8zAqG%2Bp5bQro3R8A5lkP9%2FSX7lYSkO53zJ7OWuLNxyjiHVbZszJYBSrcEZCwLUyKNsfnM8P%2Bc8YmVfaG1MmwFrR3fJmGm%2F4k2rpKgRL%2FMAstLzLTpnTbxTYqtTrYXhMxtzlulkoB4s9rZRPSeQ29hOXKFngklfkyVw2k%2BVq3SX98huRgmtW3QywRmFWXuaDTdRJ5suym2ub%2F7S
28.,安以轩老公被判处13年有期徒刑,19.3万,/l?e=de50%2Bo%2FPRmyib78kY06xPkaBRA2GkukTXf3f4HTgPaL%2B9oh2M3VhbqfPINJE0pqUg5qF03Hu7c%2BA%2B2P6JRYIuvEOxT581HgsPR0wHvK55GUXtT342sdOqIkHhcBPP6YL3j8WhKxHQM13Aq%2B9PPmn4iyEcNO0Q91Qyyk7WNdcq%2FTCUZ8MQVdjFdpplOwJTUX%2FyPFbKhYbyB8Ze0UNKWDotcB5sYJrPycPngPxN36ANVcxoRvHX%2BQ2pLwegrQnl%2BHezGZ4aTPOQvwePvdMoTV1nGPNk5pGdBpYIYyf39j16lRqCKcw%2FmZQ1hXJqlJH4HX4jJ0Nf%2Fd2gTnb2%2BL9I6C99uOtG5mr5qD%2F2suGxjgugGJzQzGi36srVb3n%2BmexYYWlYJUvtB%2F7yqE
29.,女子在中医诊所遭性侵医生被刑拘,18.8万,/l?e=421bhgNS6xbNuxXVwJY7LikmlJCV6CpSpUhcoah%2FCfvT3pkmvaudBWtygu5uQFFyhBwUBUrPz%2B7vnCeEFc%2BPKPVcT2fycxJnBKSEAj%2F4fgAtg48FmEETZgzF9i2CyV3T3wdbbBm5Njwhg5dAqOvBZpm9E96%2BZZlvLEgMGaKvcDxclAlhRq8CW%2FcJN5hniNZFetcMOzn6ZRoK1CYF%2F0u2W3an8synDEEBi4gCrbG0EISTsDre1xqT0OkHZ8HgQ4qs5kqy1q3T%2BbrJ8QUQf0UN30VG%2FokgFJCPHcva6hZX6i6nenni71paklh%2B5BLuuT%2FraemBtPA8DZBfZBUQtTbjjiXeJuz0jE1bMql%2F8pqG2T3KXMnWj2bpdwvmhkwk45v40djEwYFoaXWR44PFIhoxFN1c%2BVUda7U8iidoaW2nx%2BaLjMjN
30.,蛇年春晚官宣,晚会 175129,/l?e=81ba4NOxEKA4iZGiW%2FRXrfNchfUVmxMCXREmNytkM%2Bpy4Mp7PnLPW0LevWR%2FshehW9TVstBQxoC6dh4tyd8Zt19BcWT3IUb%2Fi5ndyd0%2ByQoV4Y77dsOajtA5E4ILbHk50jvF6X7LWxFiSvFpgjQTUke1riPzLdjOoCOZh1nhZv8KwTkcm7%2FQxViMGFDdpfEdT89ek8Nexwf%2BV6Ms8lAoSWQ22GDItJKrKuQQiGd%2FCAWA2GCSdmvFdlWHNwRe
31.,郑思维说我在杭州等你,17.4万,/l?e=c5a6bNGXprFZ1RhXqkAbI2VimiyI7d8fmP%2F90VBk2b4CWlNHzrrM%2FobLY%2FA2Zs5GbDakwPGkFAQtWNqw4nU7codbkZ2cYfTinevvry3jP7h2c8HOuyffmkygPkvM8rT23ZGm3M4sUh9DKCpZ%2FOWAzZmlCV1usW2jsNQtj7a2E%2BikRPasJRa5b%2BiNEoC246r06xDicfr8YkhYFFLmZgnZdrjHxWixmjFTk60szLabkvaHnWFlGcDm32UmIV7D7MN0G2rDLP4bEkUmtczrc%2FibYPF2nGZoIHg0hVqHgcdQ9%2F3QP%2BDlZoyOcEUPZGMrpLO9Vqd19cxLTe7I
32.,王源头像P了个新帽子,17.3万,/l?e=6840x3XAsOneQCRPiwSJbspz8c%2BtSc5H14I1Dl3JONremMZq8HMg0OvobgPM3vK4P9p3TZGlQ8Ad0qLa1rBl%2FSLpRx5f2oudK03V3whZ48fq3K3vraxy%2BVepDK%2Bs6%2FxaVt8%2FARNpwNCxW45EN3bpzduOgmIUEmAEkxFYHqPbNun0OB6F40TIcBC%2BJ8hmtEpCdctSXyghp3yPLFtKgocLrNb9ev76Z8p4kF8zTs3lPel11h%2FUp9MNUFIbS%2BThgqYQU0aZXWUyeSg39Ule9jWo1bD14M%2BtKz2CxdBzu3lLxstQQgFMPNdH2hJXyA
33.,为什么刑侦剧多在东北拍,16.9万,/l?e=684dGiqpyqGyuu4pSbcUoUG7Y8lj9YncatcmeXGt3x%2FjnIyxChPhSqvXx1GP2oT%2BZMjTAHY5sLuFrZdd6IBeIjAJP34zu9UYDr%2BEPLCKZrErGoU1s3A8BZHhAF7J9Ns5mbq37itARjAwgDYrtBCLDeMFOIrmmYbHZz8G0Z7Lac1Q5KTv%2Fca%2B5Z3wSrzLNMVn48eENVRmvWR35bxMFviRORvaAvgs42DFs7MLYLiKeMpB2ysMOmjKagrbD1zsXOQ0gxjgH%2B4SGyW5vc%2FtrzVkj0xX342SL1k6H4CYTV%2FGkzTg6w2kaLIF2FqjnfJhbsV%2FVjFFs8XrEKEa5MDaD%2FO%2F2NOqya%2F3OnbJ
34.,iQOONeo10双芯战神,16.8万,/l?e=d76eQdmQJwIWLMIKHXNLaGJAvNnkNPa8pY0zxXVLUu78CGlZEXrwX9PcgTn2MYw9%2F8AzNPV4iTnKSkOVPYRf3KhslknvGi9kAGOjDyAG%2BRnZcfOJc0o2afrpIk4t2siXQYVdJ3vVUokPdnsjXaq%2Fj13aOt%2BIhxOcDcFGCFTQriD26ICxviHzAjr2D0eLJdUr0yu3uYVyXDhWhbmgFIOvymfN7Yw9GkFp
35.,辅警因为一次好奇9年后救了一条命,16.8万,/l?e=4e3cNhAKyKxNbp5qa%2BX94rbQmyoiwhhIA5oj5FvKzENLtabPFCvYAFZlcnBLlWpVemws01S7Mko30PI9N%2F2Iw8cbfSpDNgWRRAVWQ%2BahCTsHz6I%2Bcg24TPmcpVt3%2BRdeUh7cbYFW%2Bhk8AwcYTj%2FwiZtAU1NpLgVUNdQLepi%2BEW9Cq%2BlVx8xeWPK2BJjzDOeTXfa45LrTZZFwGzBbZZcfUclAnhyFMAye9VuN3ligXX8nvs%2FDkPTecCiEj4aZLdAtl5wIt59oCNX%2BOxkWq%2Fk1LDi6SAxrp7dcnyF%2F0dHvS%2FJP4hEU%2BpU2KmR78kLEo2TMmIzI1vGloTIe8dMppAqDvTKbJssC53U92tWOIsz4BB00FJgmmozS8T6dqge5lTL1NmvU1knIsstbCt%2F6jd4hwX7NzDqXRAMGTOVtOC1IUNoLC3rK2w
36.,年轻人买的水果半数是情感商品,14.2万,/l?e=2fe63T%2BM1RBQU%2FME1lnO9LUfQ6u9hwYy9Q8usRXG5seAQd4GgbID8owducY6R6RxFlkgHJ%2F4ASF3%2B41ahT1kNzt0O%2BskE7%2ByhYo%2B3BLZz0t9GVhFWO%2FZRUoKcawQ6a7wNP%2FCwYtiSCgReyFCve8M7EgAfScAzZVjeauWHXm1GxCqxHY62Wgej622I%2FAaDXwrXLVAF%2Fp8w%2BIJDUlhXsK7V5SEr4T1HIbqOlVd%2FIifCVnkhs6seKvMw9zY1ulbQZwUn%2BIPYMP%2BOC%2FIlYYk2VYdVBIO%2BLDKOIbmUDJEOT%2F2ToNLYnjWs2Xlt54JcoJabNoP3f76jZw8C2aWEKaVaqnd08c6ympeNKv4sOWU%2B3zbam%2BDitjKEE550DOdzjv0EXvpJMJMgRS1UpJQ3YwM4Ir9pU%2BBbr3o
37.,周翊然周放一搭嫂弟二搭姑侄,14.2万,/l?e=d416F656K%2BvrZOLpG4xkpItpEmRSk%2Bvaxgq4%2FiLiJi3qR%2Bh13cfNLH3XSqg1ObaLfW2oK2kqejjwB3swUChZ%2F04N5r8QXEf%2BRYUwIRs8ZrjxwCIUAqiA8%2BBayI5PtVxO65Nc9yl9j%2BqsRf6FhyeP9dgJoaHSc%2FNdMPPJymlsW51Y5y3XMrN2%2FAsw4iu57X5twTB7z2O7fCy7CJTuc5zdI6wqaCMgEY9lgSPMH8XfHglA0XFCdhfugGT0btEPRpap%2FYqma9PeMwmxyN3GhTkMxObeyd%2BEncFr3oC%2FysXnCxIAT1u5MWZEYgRgq8NfSmu%2FZ4MU1%2F76SYHxSDuYh1R0zz5nHRqS2LnZaJ92zQCi%2B8ldmPP76JO9oJVIRHZPW4AI3O522Rlf
38.,优衣库客服已读不回,13.8万,/l?e=0f11dayC%2Fgo%2Bk%2BCKZzF3wVPb0YHa7U4bCedTN3zmq1I%2BewXth3VkyVrrvE4NxwDOSl5F1QBdu1dkLXS%2FFERBWNK37Euvqw9Kg418ySgxoEZcesf3mAMl5BEmADFVypwPSeWH8IFXrstT5qvJME6Ge9SPq6nF0vV0I6vZiGBr29%2F7%2F%2BfMjHVpdjwtowHZfK6qW8cBQZtCiz%2BooQyVYVRzhYxVA56jF99wXA14T7Y2r8F6MS%2FwqGIhBhGYL4KQTr05Xkdc4zWHVNgUspJjA9eFAd48vMVDflBWR8KJQe6l2zUz6H8fhC0WfeDh
39.,国产剧奇葩婆婆又出新款了,剧集 133301,/l?e=2058QVTRiM9f2iSeWDcrG%2FdGWowK5AR%2FNppEah78lFzNjbXh3ob4dq9XOjKPYnTyC7VSV3lhIASrwzrflfelW9WLKe3UiYTidzaUZMDDbS%2ByHADVAatFX9%2FdsVtt%2BtiyB53VI3a%2BC%2B95zWsLa9HGg2XCJ52ucdNsu2fyf5Av84sa4lP709HZ67G9CdeE3ZrtSKshAf9ZScrFf%2FoupfSFYjI7Tvqi5XzdIlEKh9pqOU%2FIa7cJ0pszM1DHhFQkc7VZGqLtnbsH5N9J%2B5EYzvcVdn8v92WxPbCIPLMtxfaoALr7DUKOdc1xcdb%2FUL3TCsqbRlA%2BXRrYELG1vB9kePdFaxw6FXUH6p6oNtalyD4FSPk3CC4Y%2Bc6k
40.,丁禹兮看人深情是因为六百度近视,综艺 132684,/l?e=b1f09E9aMlbThKWqX1opfEHjKCty00Dq5q0xsimqCDyIrtg%2FzkOQr2%2BHrj7v8YjFy2bXTpEZtr47OJfsoGYM1OXwDMrbNhKV0AaJOrHyILIYMo218RhbDPMVRLT9vE7r%2Bj0EdCd4bl8JUkknQj%2B03NBYutYgH%2F7C8Ta0RjK1ehO3Dat0wcVDhE9ocgGLXE4ESA0bNknth4NdMv4R0VCgo6gmgulbhsOQfuXbF5KnVMo2vG8sfOHnPV1c5gzsGf5tCr6q1Xy8iSCUysh9pXlobHjuy3QM2AYQfT%2FzQTfnQjB9jZHZKpK8cia4EMgX7Ldq9VvNPGPwTLJXaNvpJGvvxs70%2BFaueuodKFqOHju0M%2F9NXAFVoO3NLc0t0axSQn694SeQAJsrWjZ5hvFksyOoKZMfUjvJntAz9eLjp1KA069UyAwt
41.,樊振东对郑思维说风正一帆悬,13.1万,/l?e=aa6eU77FBx1kQv1q4egyGyGbNVAGSgcyZBBXw%2F9zLy4GwspkFTzDFjPtWXWAfuUbhewzbLFANXV8al%2BhaezM47BmOfGh%2B6gYKTLo8ReJulYwD1g9Or5QFZP85KwV%2F0i3u5xikKzxMK0tX4WJ2wbN8o4fGxXWPfRs4jIw2oUz9FGNuthapAXnpMj88bvpZFyeiYV7fXMDlbjbWqeHLjAfB4E7wGDpBxvR5PRXjY8%2B8o%2FIdAuImD7pLV4T02qA7xDeNhytpQyciPbIdJSGLUsFvNrXQ0C3eomhcgTrxSd6nmn66vKj2dkG4uty3xfQU9hDoo5PY4SxWA%2BcdZbvEgOyTxR0ypxysrO1kkNmF1gDu%2BWjos0%2F8SbXxw1cWbSLhokUYMC3L30F
42.,TES官宣Meiko离队,12.9万,/l?e=a4eakQrzu0gkxYG71Zsa0O7hH9le4g5UVXC36Y3LePFloWETThxrtmFQaYFKGbESx509S93a8A5UumPWfuWZ%2BYIyqMfIfu9rgnw71vZZkWxZsaqeNGakZe8wVswM0h1lnYlGk76sSsyGJkgYjZ83mAs64shMijIypmgAsOodr%2BQxtioC43dwMsmZ95Ivlm4PxOAn4fUm5lhL3xRdSFozjzRiKAcam60
43.,王楠女儿落选国乒少年集训队,12.7万,/l?e=acc8U4DMWR%2FwD3%2BzeEt%2FyXKaxjO8DFfBMwwrDEQCtptAlkMNLvS18qJJS19sRNITuCJYM%2FBYOpwtzCG6ev3caR0bTSc%2FtXc9MIGpJQbMv3MLap5G6D%2FqV%2BnSQyipkVYPTw5fMk%2FOX0Iv4tM%2BqZPIhcf7gKPz0vnrYNX55%2B8myYD2FCPUnL%2FSCMZAMlxhhPIxpf2cjDgT8qVh4%2BGUdmgdWUbrpujunFKQW0YDAsTMSq7r%2FelP6a3%2FBQWAAwcc1jmi3Vi7eHhwo83Rk6ZLMaFxPocjyMzwYg0Q7GV8LThOYEdu9aO7deasjRxuN43Z0eIdwUAc2tbpsZXGz81VJoJOLvns6n5eKA%2FVfLvgNSvzr4jk8bIMTUSXH7HiNng3CGgxVpmJ7Hps
44.,优衣库在华业绩下滑,12.6万,/l?e=8d2bF4Qu9OFr8RmixiIyiAjCmsJ1lRlx%2FfUBGHctqq4cRkeI30MhIlMesH49uaRafsHOKjw%2FWeROBS8nU1ndOZaalptFN%2FkPb9VtWI%2FH4I8lhkuYFuXOSpRpR8MREv1bRelcvKbuvi%2B7Y6aQ5NgbYRvmk%2FlTUgkZ604v3NvHsBSo%2B9wojqhGot%2Bu%2FRWbE5fQVJZczMki3eW3PCbwfiZ0Lx6w54ZRrlIvdMuvupJ%2BXlrNVczDCn99SOW6PD6FnvQPAtdiJVmTrjS1p5N3ii1ncYGZwQYt8R4u5cyfIw4hIPGQ3uuGhhyHqaTT
45.,侵华日军日记曝光南京大屠杀新证,12.6万,/l?e=cb45qHDg2XaW8WecIES7KsPYTaZMLQ4p%2BQ%2Bo7yWYoU9%2BIfWtG54WEzpdxxncshOnbMJoLXIS31uRyXRzuDHIN45mvVRuikyZpTva6ZMzb4mHm7c%2FUzRjdnzbHqtLet1QuGHY51w7GflewEyhAocfSYMgMk90MH0BnsxE%2FZ5RjTfiu7fZKWq8YirdQ0Ljd3qfNUhHACvgOdG0in02euVaWmsUwYbWyBlq8Ru%2FHiN%2ByAqG%2FhQ0tld%2FgG%2Fj4KAaCIXr50JXGV7u6%2FxR6IfA7y%2FZe7EVi7j2aGebBJVAGjJ4ryvem2Yw7z%2BpWg9mRID0JfCMBo5nS6P5Co%2FX1oNqb0rkz8jdgKN3DbHPkHCsfDbblUTuURCpJ4gcmZ2gZQLxiULJUt4x0TI4xBx20b2ep1aKKa%2Fq%2BJ4WtQSWLuVkYRvAg9MftmjA
46.,奥斯卡宁荣荣 新还珠格格,剧集 123615,/l?e=4affY17spPhOzMgsIP5hB5Yjhy8O6oXOXXF%2Bn%2FiZpZEdgdjjy%2BEEMGV4yk67W5LEJAOo3RXhbqI%2BzPm7%2BO%2FR87X0PpzpAaCrWAWiURylRfkEq3KfJCB5uMYHrZZdrLH5t5adYuwGk%2BWp74IzajLqdo0TUeXyF%2BlDkdTHlMoDASTfdearxT4idA24mJO%2FpmAvrM04qSjOQlw0tNUSR4zD441HHbYXqfCNQAGkzTY2AIA8aYPllKtDbQWflyCwdzFB%2F%2F6HsZYx9xGww51STL1tJ79xW4wkWD1BlrM%2Bv5c7cpwPGNTzqJWYCMARcKFpS7wNFusjmtQbHXRRtSy1PlFwSGDgjYMRWq%2BIXze0
47.,你家的筷子多久没换了,12.0万,/l?e=26661Av0CBMfZGsfyOfa1uVDZpggndknrxjsrYHjSQ%2BABa2OPSi60jzD1x9M0Ap6q9NlaALwDnZKaH1YEXGMyXcetjGaYPVddgspdZ9PogkCeUvTlDsubMhB7GcxSZwKy9D%2FOHcim9o%2F72YvYI7iYOUjp9E%2B84DA3Vu7XN%2F%2BdxtnK45bLrdzq0nI%2F3vvAU0TrLCcHnxRl9pj7CYaKsx9dUElvzL2yKHlJ9TZolTvmfzwHymdJH1AEGP%2B6aMlVVCr6iDrKAT5GmBxhTGKsKfDXzvQ2n3sNIuZAt0IbKjzdfR9q35IT2%2BVT%2FgdQKBUjLJTo0WbV6UXs4GE
48.,珠海户籍居民可一周去一次澳门,11.8万,/l?e=bb12RDEMLOkRGfrBLUB0vSzyVA2en3SB4FbQURBa4OuEg1mzhy%2FjMdU3tVC54tHtZt%2F4gBw8hfCgQfqH2Hlk%2FOiM56KoYlfBAyh7EAIScVxSeiDX6eLunZhzUjDa89TJkE9XheWAl8s84o0wUE7uF55f0fAfu1%2B7wb5MqJwOtOFMDh09torGDIsy7xk0CISs6sUtnhwFU39mYwZj49p9LETcnGXWP%2FImbx3twPkCNz9csnfz26%2B9g%2Bufyy14Y7JYHsNTy3LfVy5f%2Ba3dTOYRoWXXkU%2Ba0x1BZ4%2By7ZniZr3gFHUjrsFFNOoNOI2PQMJH5%2BsduESf55yDQlQ4LSr4msrjbx7gs8FTxS2EDlNS9JJjL13pVviJoU1lgdTTrVXAcGdyIjDzhoAuwQu0LMJ197s2JncW
49.,杨子黄圣依 人设,综艺 110717,/l?e=2879Z55LPHSXT6DYBoe0QEEwIneZK5k85W7N5PupFR%2B5KyrvcDxCTbaFJ7X58z48DLZhOcQ6C%2BQ97Pb4rEHaZZM9JJIOBOWuXxVfh1fDhFBRKBxSqOlMNO2FxfL4Z%2Bm0RA44S1oRPaSTL8%2FaNEayQ93PTN4UZJGgF5y%2BParsPnX9wy%2Bm%2F0wDbYh%2B7M0EpQv78sCSLqg6qeyIap%2FfcJFuVYqf2zvh9dlj5JyUxlEfHGlL5Fdp8f0CocnM09kSsAj5sR9bxSWiurUjzG0rHw3t
50.,澳网亚太区外卡赛,11.0万,/l?e=ba5aZYoPDBLNhMcT3s1HqbUZcNo7%2BYQrHo0JWzHcSkl3EhguVdjilpLYjtoPcmfy60wHeg90Qc1e26ixbJWci5kSC1U%2Ff%2BcZoItWwMbCxA5mp6GJ59EqQMyvlKkgH%2FDeDoOnY0iCe20GYASsQO6tLRW4b%2BZlzFrrm2qD59846xATnfiLLcLlfd6XOXVMLQcmR%2FThE7NcEFwDLlhQJ8TsrNI5lD6ffC%2BNdnoS1RUZ203ynBG48f%2BlHZ3QuV2i9%2F5mqMgibYCZO7Ay%2FMwBxxSY4ds5niseXR1gwkqN
51.,儿媳控告公婆未经允许在客厅安监控,10.9万,/l?e=80b8Vs36UelM3J23J%2Bs14TEfGdVKXNZcapFvoPT2M29%2BVBs40rOeowvBKvPmzhMqm1Y9sGHbl3s%2FFfQBh4ZE9dtLeCdwlIMySxwBUf5A4f%2B2p2HCk1iG8nkBG9DZGC9%2FxHfFYY1rVTsfYlTMIdvHJcmcqRl1DekSPg3V2xLjGSy4EALU%2FXwCFqpvVwKhviPUptOYdc3gxoQ0STQpIT%2F6GcG2xYZjfXFqGHZFjAPiGCgfnwChCqO67hCgFggr6UroVxtCRY%2FPkoQCh%2FGmbhrDiwc6vif%2FudEX%2FfQ%2F7IRcMul7yYvrKIm7Za1dRX96TpwB6e8iTEwLO9pP96NfBByxInKkuQ5RySnrYsWXLdzbggW2IG2sS8pef65Hh1%2FAj3MDY9Ut31w95oTT0Uqfrbli2ZSgmrh53jyzgIMZjgmz1lmp%2FvQJWWzSizjPWVqk9aQs9ikl
52.,侵华日军日记描述南京尸体如山,10.9万,/l?e=d4793jDz188MvJKTMHUagAY1BF1fM3A5Wvc6SQHwQJ9e97gZNlzk2K%2BFc3yAc4MKzkoMpN4u%2FLRw9tr5Y%2F4k1TRG59jSyQ%2BxiGfzWBciT3MNgv73v8lLNTlbgn3EfarKshcdjiSi0dNfIzFn9u4JIMV4aidX33sm3cTlR2RYNPPocqQS8GcYsSoGhm5X%2BGkeM68BLvFcCuSNvwGfaU5GW6j83V3vnPREih%2B9VIThfC20U%2F3MMkQyaSTjYhONK%2FtPAxbU7%2B6EkiDR50aemRyri3WvHMnccGWnKoJsGNn3mhqsDZTfwneNSVLt55vPaygZ5uB7r88iA6neuIpGdHJUdOt1CeQsWAkkKmXX%2FQPZf8kdwuzN3xgKXr4UJhiyBo2lfx7Ov32m5WkRRRS31FZ%2FQ1W2CYfo
2024-11-29,蛇年春晚看九命相柳,晚会 229738,/l?e=8d40%2B9sEasMG6PuDWXN2dG0tqZuzZS1EHP65WQzC1jsKvS52dIlzBUGQjWpzaG8z3jlHfvHfDGHKCfeobc9Cdk796uVYIhdayeQJI5C9GGShusnCmwHXhhVLeeR6FUso4IEdhv%2BiuHFL974ARjNIEMdwPbmUgbt2hNTwOrODbbHZy9FFoNyrbYc7Agw2%2B%2FKK%2BDLTMCLbCkVF7e9oQMIbHL63kHyO1Bpt%2Bsl0AEWATnaN4JC0EWP0Nb7fCMTtZe6PCxb50UuJC6o%2Bh%2Fh4CgKm4XIdKEsK2eeLyMfI80g5%2BebRwrUL1C85Bs44
2024-11-29,张婧仪眉骨阴影,22.3万,/l?e=f9bb0V7YPxUy2OOidthNXnhqoNlNGJ%2FOFaUiGPT54oYnkDzsPSLMCcyuvv1%2B3lK22u9apo%2Bhb7UMXLFn4kpgz48aIHGU%2BmkSJVVvflUz9GiiRWRUhIzpv9nurJFiZSq9ZcG2aIotdv2U9yrrh1pwkGb5m2Nro6GkdcPSKWgmCZPDLznGJ5TBpD9A4hk0SCUlYwTXcIIM0cFgYwRqFfA9QDKFR66ORbufRIOuRtr9FpxOH4R%2FH%2FYJOJW%2FRGnw9fwEU0xcPqinYuoi7pV9
2024-11-29,郑思维回复樊振东祝你我都一樊风顺,19.6万,/l?e=0406doLo5KPrpE05WTw5wGCbt8CwfRK3S%2FeadOCwm6NQpU1VQDfKkVQmVm4G04zybNtlOpj%2BTbqNmgCpUV8m%2BqW6HE9acwKzL7gJYMZsT%2BZA%2FIcAQ%2BQl8juMrqjChkQr3P3LNmljkP9c2M4n99CWCUPZuSJG83922uusWFkSjApDoRIRyKp9m5fuGa5qmHjbjXfLfC4MuKLNjmabgZ957ejxFn1F1pA7rxv9MsoykFHcoefS4Vt99jpFtxx%2BUXv55sPkU2FPwQs34Fcnip3Gpq9JEnc8bqA%2BwVPFCZ2TPCtEZZvDOgJGsqIB9YVGPcqktaW4Ysz6a%2B1rlWtIo03Qbs24G4uni%2Bbgl7ktujTT%2FNHwtz5kDM%2Bniru1rXEDmwgfCOt5fJnQzg%2FhzCOxJHpjpkSbD9tvEYIDkB9SHPDnh6orTZ3j%2FqySWANh1F70Arw%2Bg5uY
2024-11-29,安以轩老公被判处13年有期徒刑,19.3万,/l?e=285cWiDY4qoP%2BZen1zlzII%2BOEhbheuOlTr4UXe%2FGQSvKdJpczz5zleGb58aEbWh3SSQ2JA%2FQRSw3%2BavibpRga0V6ETKtVyS3GWZg5UUNxmQ%2FwmRT7nE0hPwMOrGvltjT2UpDOzfFPKppBoN7VfEj6G2e9LcStq1bS1z5FxYyCzIkY%2B0KUkds99Os54NZ1cyfkrVuhrd7DNX8dFxwFORgKwOmqFhSUrKFHJvbDSO74eKb%2F4gWbohirROs0YQHUpSTSzvmCXXdmYcKN6YV1PukoBZ2h5P2xF2viOU6we0bdjVgGGnyM1%2FnFTJwIwm%2BOX5Oq9ODqhwY%2Bk1zXsUl%2FhtuAuy%2FPNuSdJyHiIfj1Rv7qwOdI%2F0aNFrjFpAxU6jKEIkR3ZBgymTSyA8
2024-11-29,iQOONeo10双芯战神,16.8万,/l?e=92d9O2qoZmePXkf5BVHqfOYVVCs41FFxl04cF94H6l7Cxyr0IPatE0XUSTl7pIM1LUb2cEgMZ%2Bhdk5XmnJY7cxP%2FZiiHMkN4s%2BD0XbLmUTGoUAkIHDmnW9xzoQXLKQMk3WbiLdK%2B6mftei3nGWklyGjhlTsTgRB%2FfUE3Rxozu28aadnKaWIzgHVJE523gqe2U5iqev9g4Q1eokOo4Dy3lCpx9ijilReY
2024-11-29,周翊然周放一搭嫂弟二搭姑侄,14.2万,/l?e=33bbzx2pbSm0Ubfv0XGIStJ4sm8OEKav0whdJDFY2Ykk65AQId9lTX8GFVwlA60GR4e1OGbcdjUA43TbltwfbJyRNkdpCOMVSJ8iB1cThRG3G1ZirAQNnb57GCnAS%2BKmNDckhASScWNUHDUpxl0v6FFZJp2c3pqQ2lAMkTZxH2wmQlLTWRqRQQPCecuVi77vDmRFbJLr%2FDOh5ezrP86EDu6wx8%2FOKj4YYbUZGjuVk4c2HbAE7L%2FHyVShKbYzJDxI%2Bwf0wNfy4d8RByVagGruKuLO2VbbK9TYGgBgym4AukH90pkvK2bRkBXaFGF4MdEZCR0TQqsSPozikolRWm7n9kdQIH0cSPNHw65N3m8d7QiJVvT4QgTndpqfuvoPGNhjFoi2CZlY
2024-11-29,优衣库客服已读不回,13.8万,/l?e=fd75fcLQikBeowDrZBLW4EGKJlaroaTEv3u3EaEm8mFdw1umxVNVVFBL70sfEwV5ffCSSIYT25fBM44p4nR3Mmyb9H4b8yGf%2FE4dU99FuRfUu6DvLCThuV44rTawV%2BDnaEvjZOP67ls5WqbiEHfEuWbn7kSjGzcHcRZdOH4vlDsbx8LN0Bc4pyH8zi3IonTZCZmPx3YnM0EY%2BHx5X35j7fGU2uRzJ6a85NtvuZtXYdWRgOtY3nZxCMSIPdU4XxUOyM%2FjHeBShtMKSNByTLrWkl3pL4n7ZOT8Ojh9zy%2FxSFWO8ol6tYbPx8K%2F
2024-11-29,樊振东对郑思维说风正一帆悬,13.1万,/l?e=40b6gc7V2ZUQ%2BUx4LhqfjSxkSPL70E%2FqNMq%2BfPjKuISDTn3rzHhTDiMPzxj%2FekOeagYBxS96f7FpXRXxlFbIT1XkzC2%2BtyqYArZgktsfhlz7jJTTWjhfrrsi00wtnaGOyKbEX%2Bz1HEU9pNqPbscDqL5vha%2FP%2B6eAcJNoyAB2gvly77bFtTQbZFLMKHRhfPEczsPCPsrPDyWE4QVC3Q%2B6sFBsoUm7opRlWn6qZYP0VFpQSRkacPSimuaurbPQ7w%2FmpLlz70qSljJzfgObIN8gYjMcu5fNuDJO2pAL18VkhGR4FR8fSxmsnD6e2JKMxLerm3Thg7RKcDpnw7Ex6XjLhEab1bqBRNvYPNyWIvTR3jfIKuEJeyqmHbar%2BT0gVuJ185ZWOfNF
2024-11-29,优衣库在华业绩下滑,55.7万阅读 | @南方日报,/l?e=29b4nwtDHkT%2BwllvWT2zuTQe4Ljk9E35n1xENYZ9tgJGSLYzm9wA9%2BFmn6QHSYIm24fLrh6UYryHrjcJUZruvqE5hg1eZszr5a90mvdL8JYHATVypBu%2BqgpGcz49aVcgkuj4KyLi8SZuZNf1%2B5u8iVAJ1rlnSaIAjZsnbXfep5%2BGZ8BWRFJMmqDPs5%2Blos9J%2F86HeIpnZZ6yNY7OKuq6DA4YgDjBS5mx3TwotH7xXoTpurniOlY5ouTxXEd2zQ4ps7BrXwQLm7Qyi65E4PgDB3gJkO4yHFguJqxQjD9ziT9P1t%2BRTNLwH8%2FZ
2024-11-29,2025杂志超全订阅攻略,,/l?e=f397HOK7Xx8fcIUv2P5BN0cyUjKjKRxAyPWeI8oBLnOrL2V4geIUJY2%2FLcuzXuinTA00c%2FtmkH%2BY0KGkp7LQIcoEIFP0%2BRVT6KOK0QxUq8OAkUUHQVVCKQSdFraUgfZbI09IQzcNRgB5%2B5h5qGHxYzBDKZjQ3ZiYbBl7DxzwUmm8BHaHK%2B0vaLtWiGQTSvgeV921W8t2j4KBV1rv72Fc1waul3FFC7Qf5xZH%2FjsyGjoTgkWCriN%2F%2FUpjPP%2Fx%2BeN3LLPxonLEtyXuX59oGwQdyycDKntxNNuVk%2FeNrrtfsA
2024-11-29,一年一度晒家大赛,,/l?e=b5adlGhY82BnJoVZYT6rxMvrH3lFNrBT5gy4O5phdiUv7I%2FM7U%2BsgWpbV6VvySplyFuO7z6VQSjjC4DHYkp%2FsSXFwJYeejPtkQ%2FP97mHDOUlrheSz22E8IKxbOyP%2BCVWt05TVdNjGto%2F48p27cG6fm3qD2YXV5%2BxPS%2FDoJSBh1Yj9b0vfTnzhJidyRg%2BZnNxCz20DnfoDX1JzzEhJulnUI4Gcq5ZRwJVJR8WgWNHBiqEcsPWR1XYP6IeMr1AGfHqZiMctkAylY5sCcO9KEKGVjUI37HcxVN2WawD
2024-11-29,A股三大指数11月收红,40.9万,/l?e=b9e1%2BG9dmn7Hy7s5addsOJINdKxR%2BDYuusCYpWGl3OTgqewl51E3A5fUNEPjOlY%2Bou4ktYIBuFtcM9dIiKm7EnMF4sbbkbCLc10VZzN1%2BSheLFAePOHqQs2DqOC5Wi5tjZ25azwA2K1tKwCIY7cJdtZpyrAdDWdHzPhdIGrFRolGXoumHbD4L7IJTmbzkNHnDYUN2xmr5TMzxyAvs6JTt2oGHk5u7GqzxXB8Ubzu4CT%2B51QRr8TLiuHALhOli%2BMibySNQtBxZEbDOgPdG68%2FjLq%2FwPJYUXVAGOyivtDA
2024-11-29,澳网亚太区外卡赛,11.0万,/l?e=f9014QdcnoLK%2BFE%2Flhgb0KIL%2B7DqNLm2X7EB9SYB7wk5VouzVNegD71lbrWrTuIFTvqw0nukTIB9rF4KJByDkR9SN5vfJv06jI28x3L0BdwvS8L8oeEyMoldfBFWNPSDF4iA9UeA2NJMU%2Bq8q%2FjFThbG43XbFtSxiMsvWPP7YFcbMngN03D0je06IytWSYBKwwyJSRrYMZRIhuBnLOHDe8BjyCxD7BDrHYys3Egh3nC2A0Ngc4z5CUmN8XQ2%2BAxUgdvCAkUuVIvjge%2B1c0zw%2Fd7QTSUmBa%2FN%2BsZk
2024-11-29,龚俊城市雨夜撑伞照,23.8万,/l?e=ff9f5ALBxfN3EA%2BQrCAJbD5rDOXDPEg1qv%2FJSePF371eBq6jy6QQdVaSNm7O8tqdH90XMQ57fJ5d5oAaLTSZGeXIPjlFg5zkXTxGRgxfR0anW9Dr4SnGsCPo3pb1Zv0ipw9psKGvd8ZYAWf0vqGuw821ZSQpAGYY0W4eY%2FjnOX0DnLp8%2FjfqjK24f5dv95PnyTLJkndeXILymW0TnizJy4rPxHifnvGJBQG0bq33DVoXyP1mguhRIRbOhsC3WAkBt1VDGLPWYRVtbcBdOTFSK9vWGc1uPA91SE4rMEeTAjYuH%2Febbuk4BUqX
2024-11-29,郑思维说我在杭州等你,17.4万,/l?e=e643Z9mwsL5GJ46y1R1ph8dEcwda7F%2F0OOGU%2FdE69m0qBpqwxACyNfZEknEbTOTXJUcIYE%2B05kJv1EhPUnRCFPDcGD9r186oUKrPTPavHnWnKRASrIxdxoZdksLlZ8wx0Lu9Kno%2FtFS5sciDDqg9NQ%2FwE%2BBfk2SgWDxbrttYiB77vwsVtLCGe7HxXc6KKgaN1A%2Bs%2Ffr%2FfBjih2SfXckox1OHvA4PF4bxib%2Bk827H%2FgkUlPPT5QI572UW3zt7JdvXDdIoO7DZsIf5rxiWYqSO2ecDLBeeleu8utMv7feV%2Fe0IdsTCqXfWa42BdRfQ1mmafnZYQzY%2FaKYb
2024-11-29,林允滑雪妆,20.6万,/l?e=c9b5Pjux%2FkDhMDyZY7KbhZJ3keCEDfnWMqvkBiBL%2FyoGAgHPLpBZJKBTHOGBKnpp649cfcy0mzXtOk1uu1W2Dr%2Fnev2MpMiNNtnB5huLouDGHibeWZq3wnyLhU6QpJrTI3PQzfScs6qSZmy76zKSBHfh1ZDDqtO2okpDWnK%2BuB9dM5sq57%2B63MhX%2BgECIhA9whyqjaVTcfQdZaCde%2F%2ByIchuoH9bK67qRYmUmGxb
2024-11-29,侵华日军日记曝光南京大屠杀新证,124.5万阅读 | @扬子晚报,/l?e=2656XVHcYXr96pUJfygoO0k7ipji54%2F%2B%2BDUjx7erLAsSrv5JRWl2kr3LrqS6AQ4TC4Fiv5eNsm3xttz1BCZU8ljr87ub67XzXRsVxVumWHx4u3wa2TocPz%2BoXWJjAVdEZOE%2FHaFDv2qXoKLfgOyiZazV86%2Bkex%2BsSepvvxYXMbfaLVwHZhcGMTL7enjfrQ6sTegKjRMfCYEj%2FJSeg8hPphj25bf0cmLcdjQSmUNt0963NeEZZ6Qvn91sKvmS5s0zWvYiowQosP5G%2FRZZV6dJFOmcmuUJlRn3L9iOTwCsFj0C9avv0aIVf60g%2Ff73e2xM9%2Fis4VnewffL7lrGL0zXHkoKfeow0ZexR0RRa5qAa8iOGBTp4yg6xVlh86OBC4zrZEVs1rNeuKErAH1R2SKQw%2BnySbOIpw57I5w0YldKYLSthBDD
2024-11-29,国产剧奇葩婆婆又出新款了,剧集 133301,/l?e=1546hcJDlj94PnETLpuM774GoJmWbT9NEWPUR7ab9AN%2FE6ae5ujGg2unQSCu9wE9uF%2FJMmb8c5biDtcVAvz87%2FjuO3tKDqN5bBhvCusuc%2FLtWc%2F3LSzM85WhothuiS5ATdGbaWe9gCUHHQOHi8IhyGKLJuFsnSZnAUPH1ZLx9MvOdFr8PaCj%2Be3Wra84bA%2F0J%2FslWsHxvu3gaZ9pOe9WuT2HKdo72cQVtkRVA69PvHSIk7Mx8LCehMJ0k6ipx%2FCZrs%2FqhtUs%2FW2N%2FS%2FOdQOj%2FgrkPH6kPhhB3eyg1mQ1uwj1zw%2Bdivo67iUvxKjZKjCeQC78UkouAvOiSmhVCTy%2FQdZBx6YSp%2FpH2GAUmUoaq7KVAyodRzGN
2024-11-29,为什么刑侦剧多在东北拍,16.9万,/l?e=9381gSVZSvC%2FgYhVVT7cRDSiL5JnJlIFEYjNzgGDlQEiF5zqjRYL90LaAOIkMCCWmOMUyBNQNIloudDyUavTyqq1V316X5FghOW84iXpiEZ8Dl72L91g1Ra7%2Bz%2BAchpEdU3Tj4s%2BHLpZ5XBj41b4eRrxlwMunp2U6eQuCnSYhQBVhmkYi%2BDsqBQRnPSkdDiSNRPED3EbKmTPVpCGlDkGrrQGv1Rc4zr8Mq5ls%2FEGJrSboLAk9RWU%2B2KO%2FDa5vkOdUkfUO%2FFrPBhK7Ct4jU6sqflKm3AHi3%2BkcHgfRJIUUzyteDzkstNOcmegBTmji92ojMNuI8oVPzcVMldWLWvb6W9qxfrwNbVr
2024-11-29,周密把周芯竹买话筒的钱转给她了,20.9万,/l?e=70febDq5qBVXC8tveVePTfIyu%2B%2FqruDy9%2FKlUZTzuwYRlZNAiEjIDH53Kc91Kb6t58e6jFx%2B9hKcMeGsYRDycWVhCgs%2FxUH35zCmDtEVQBjCb77SbL%2FkWNGV8UhhI%2FsHtwRvD5rPXn8xQLUhoMae4Rsk1uzMVQxwwuLZkpcFbfxoGoDwtDDxrn7bqmn%2Fg%2B12dHpROGXKQbOIhSqVS8AGwKfHLOHHJACGj1PyodYdxsHmR%2BWUAniBoCvvZleUdk3Ll0yfPlSmIiTCAeTetHom%2BYYhAWbC16Q0iK8IxB%2FkC0btYLGmcmF%2FYhcJbezEKI%2BTyM3vHn9Yoao0N7EQH%2FH6YySvN9ci60EQLxkbUF9xW0Y1BDUbirEIsfeWMQDwgQf9WltruGGUL2LDpycqsorYg7lqqjw4kN%2BgtmnIAQMJi75IZu7x
2024-11-29,贺峻霖一路繁花数箱子,综艺 132683,/l?e=b433wwkSWgLlNboeyOzoU1s5sTHJMnMbHf4rSvr0r%2BHiJPd%2BBJK8%2BoJaQ%2FEPLq0imne%2B1ieEBCbAcn7fguqzSN5IN92WXzMB8g2DivmMOfdf7D2VofiqRHNpqCvGIiGOBDNSW55BnTtGBuTQPTrNKMPKymg0OkwQT3p%2Brxoa%2BBcn8tGff4Z2MpGRduWeFj7X9KjzdZlx0GlSCimX0iJ0HAndujTHVs9k8gn4MzcCrpiY4Qdkqym1OZOPARSlOnHjxnMtFGZFGE6UVRGJeIR6V2Qms%2BrwhLjJ3dnK9oP9KzzfcBtDjtq43kQ9UYQJ%2FNsSBjeO%2FwslDWXE
2024-11-29,女子在中医诊所遭性侵医生被刑拘,18.8万,/l?e=8e49XGKTAbsIspaywslAysWulrMq1zuDXSimS9JHgBN0IDt%2FgKyuIchqOjrfObl03tiUO99uJcH2ub9k510Cv2wQ05JhxmfWsI6Qzjau%2FIhilzQTx4DylcQwFGFGtmxix%2B2KXBBS03czHMsAYH2%2FfFZbkFIAfhOINj0a2%2FqL3lPUG6Srpqs8DzD76BimwBYBTnV2h3pmwhwtQAoBLNLK%2B8LhlwJDer2FP%2FvB62uHszgsBMidCmm%2BTAUG4pBCljLYhkWi42tSC0NhwB%2B5qr%2F7x6YXo3uHFpWU85kQmvXZD0SbKsy6yCQII%2BODAhIo3idM0MQZWxLp87%2FN%2B69%2FNuNaWW2UIGZS3hzihszQXXeR3y8YxE3SHLX9FaFitgt%2F7itBfLg3Ib5ynVXVcPefPey6VOWRoBYhhbV0lkAMGjulMfZGRxyq
2024-11-29,印政府还在用被封杀4年的中国APP,306.0万阅读 | @观察者网,/l?e=97f8bElROsaO609avzm2X0axbpNhuHJd6x8bIAZ6Vb7xeM%2FfrRXFWyMrke4YewQqxbJAgRnFUBsdE0Jzdbf86PCYw%2FwSAmbYkpNwAZzQQZO09MZNtEMfzuBLpa%2FyqbwOSya8L%2B7AVsljmEvrJhCGYTqpnr%2F2Ie23B6SwIBttw1610CvEQ3%2FUFp8FQepykubFujg5cXAFcsJ4X02KhQiRVbYv5rXJo7NWoj6tRDBSGMRqubYZXa3ER%2B2EWSnIYT%2FN%2BwZJ9A79%2F%2FrfhnKAruoCmWTSVg8RHAzbhaiEvM4QHyrdTTVw0VlC3bpGOLpoRH8WgF%2BUFjhwSDlN12Vn7s%2Fa%2FeNRdU%2B5NdyhGW7E%2BP6QnZOBT9iAN2SVlo00jOB7KCOwUkEJeppTHxoTvw
2024-11-29,韩安冉称do脸模板是赵露思,76.2万,/l?e=5607bJIl7J%2BhloI1eRiezFFarM%2FO2Pw0Tz7zdyT5EDJHECt%2FUgx3Nnra3U646DfjCYnxwM6EcNc1yCseG64QZYQ2BMhQZLcUMxWzK2ucV3420fktLFzlM1JyPk7swpjqw1vJd6WzU4uDcYbWGdNDBo6thA%2BLLZkI1Et1gaIKThF5HBznoKZ3kxXEzOvIttnwMX49OZypo1DNV7ptAUyFVKpqf%2Fov2ugMehzTgRDBCEJe%2F7wJsvzvO6LcGFFLDi51I0HX8Z2BtK6TQ4oUNpES95aGDQkeAu9r7UnxRlUp1gDY4DjHiVudEOq3rrJzMgkNq%2F4Xwgv362OxAhtOeq%2BVz5kv%2F%2FPuUXLFgxA
2024-11-29,王曼昱助力亚冬会,28.0万,/l?e=16992EQONMP8LQmkV%2FPb28GtEgdSBCNlgaqTF99QbT%2B5Viq9vPzY%2BUXtzzODDicvmqCN90pdQB0Y%2FLmAVSMtuxrHzjcl85jEEEWoX5qdb8FyQ4PZ%2Fg6cUi1DIHxk5p8Pu4MNiVt87HUyhdofTVS%2FZ99hY7VEyJC6yfRtETgfenrqzxYue4cSQIzIVySzB6YRviK39f3haSeP3Ev8x7fG2cgwPdk%2BHw%2B11pTtOEBev1P4vEWKcertQ%2BKB0kaueDFWkJka44fq7AeIaw3muWf1tf5WjoFf6RRh1N1Q
2024-11-29,小鬼拍到本智性恋心趴上了,29.7万,/l?e=4476Yzaltuqe64ZMwmX5rk7ONNTxeAlNVazwiqaJv1sX28V%2FArRjW7vAItDERBWMDs%2BNje7sBXIF4b%2FLVk3DqnWaREMp5JkUlWxdILtQPSWVcgJPeDrpli0PzqnRfUNvTsLMMNfiAiOhq1Z17OPsra0L%2FGK55z0oOLad4l59NrcmScsLKV63Q5EFRfrG%2Br5efe0mRvyMyfI4HmL36Ctwzvnj6NpQREAC52Omj4c0viAN1m47eSEKJecuNo1m%2BfYsrXNbf8srH0VWFMqisrwXP%2FdkRMiyycSVOjzwj%2BMldlQvCUcDbs%2Bf5htC0kt48Cz%2BDgzEhX82Gky%2Br3KbNgqDLvXMXVYP0Zw8EIfbIKVgr0HjJynqsOH0
2024-11-29,外交部回应优衣库不用新疆棉,1388.1万阅读 | @国是直通车,/l?e=b722TkO51UKhr1%2F56nB30aPKx2B1VfsRF0v0xoQIOqZ3tFRQf8HsTVg5Zwbn8IZYvHF4B2I8mp4x9ZrXN%2BXYrXce1FKJ40Sa3dNo9IbNk9eJ8Khyjd5goucRKIWL%2BxLmNPdQazI53ZKyN%2FO3%2Fw%2B%2FP96DZ5VFibK18GtLDXbnZZFVQoHGOgv5zUp9TZyfvweanBiVsSFR3AexrTb8P3H7JpxE7GBmN1oNYs5gvosLJeKgSX8wWyrG7jA05LKFg%2BlgCiuLbIWMPT3ERPmvhscNXeq3GD19wV5uICx8lMzs55nhZbpfwBSgdCduP1k6CqNJAqE3qG60euxjqnuV%2F8xsop05t6gOA73pBN3cvg%2BAKU1XwNEmLxhqvLRuiqkhRmVzc4vQqx96
2024-11-29,李昊 活在我MP3里的歌手,11.8万,/l?e=966fZ8t%2BGoNeBmAkLoTI%2FYj5TWL%2F44TUMkm9FVGdR40Yfv3qm3Gix3dw0YOgpRxaorDzP3qrc3QtrNNqMTOzhLUtNMBjtVToOx20kQnbgkj4YEw4EUjyLxkXMM5rBDE%2Brl%2FXvOLO1n2eTiF8SSAbSCs9lrLfXTd7Er%2FT%2F0kv93aeNbG1gUgnfDyuFULqAN7l7XoIAdMwVEZLl0B8FqL6AlRG2uvAp4dFshHHEkCk2NdlM9ItnbdPm3zNSXOfbykKIzE37bQbXv6tqdu4Y6BGxv9q7M91GCaQ4U583plL8aQ3MNWfO2kUbFUr9y4NlmZ9
2024-11-29,导致胃癌的6个高危因素,2463.4万阅读 | @人民日报,/l?e=46acCinjAoUVzPHmYovVUMv2MIKtIHhFzKQClwDYs0Nx5O%2BBavqT418GE3xObIbOy4xcgW8vE16WcT3Wnh656tseGbwlzMiEC5F%2Bvg4Um2ZBmVTadN85EjrcXM0hjrXVyhQ%2FCM848cytx2d1aaVyDA874WJmy0biz4r8BD5PJ8fGqwpOoLpxeXoeiKhETa7NomycWC%2BrbMvyxHHPGeZkPo%2FoM2ar%2BCM2uO3U3ypL2KdEjVPRNyrvFSaL2dNqLPkQTqK%2FRD6tHKdtLdKD07HPVhj3pSPB6J8xI5eUji4aPgv4EDjTw9S0Gd6nGT7KMo4JbgSANFy414z3yQ
2024-11-29,扎根中国大地赓续中华文脉厚植学术根基,,/l?e=fabfH8Q2fD6goXv2k6i0gHVUDX%2BbcKwProAYAmYCS7aUYKKQaXkqLsXMfacXKtXBTwjhYfnaExq2ziMKKXw1yhej0WLzRlrS3kf5VytAaN46L3QkweMBj%2FHNnhTNxmwAHqn1wUctgz9n14TwCQfqX7i09VC2O5AJIuKKSiF7HR2DlQzzvw56mzCU3eafevTc4gmjltX56LoqLqcFGJRi44BsLuDQIPKLJnjuJE7QWRarHUcIsPQhRccJEkRyzGDd1rYV8YtVQ63rVzfmsYqxiv%2BSQ1H4dIMfx1SZqtjHm8ROOQUMVrFCg7whCkENRf7L6h3pK5DXgVNmuZ%2BrgpQr70SndGmAMCxRTocHCyr7gtkBoV5uo2L7%2F3eA3qRIaDmasPc09zFZDs5XkCTNTRJtJu1TVBGgC9WMVsAb%2B8DNB9MCL1Ffo8bVYmvWNwoh5r2QCUD4tVcmTNDiYSGWnLM78MDMUU8W2Rw3K58jV5nPLxm%2F
2024-11-29,猎捕野猪为什么这么难,201.1万阅读 | @新京报,/l?e=7023E4D68kZLi2QivYTG%2FFscOpFOy4IE6vZGIEq3uCEYmExhwqVANkV%2BNXbwH9m9c6nXk3Iqr1Ek%2FtTHt3auYXSSXDKcDk%2Fzru4X9GZ5YooMa%2BKUCJkBNcdLF%2BWok7kcYMQd%2FrYUNMDg8qzE32OGwgK6nbD1nCBaO5vpLpmhkcCo1Z580upI8dmJWp21BxAcobDABQWhi1fu1eoWjn4U83iNtA83i0%2FP2Npve6FnWRXeb3yFE6GwFUSkshIBKYpP5btlVgjsoPTO3z8FcDIMNv9cT2MuFL2g4gf1IIjXx%2F%2B3arK4gjUbjmBrZ0mNIoz2Nt%2F6%2BwPQ522R
2024-11-29,人民网评白夜破晓,31.4万,/l?e=4c1aSUpH9Eas3s4XieUdsxL325Rgioy21AJ1MLP9%2BshhvMKJjE2bAhEHgVKKgRNo6PH%2BsgvmBcyKYdAyRuJW2sXtIlKWoSWLnIs30xWeFkHpKSeU%2BeFwkJCS1iz%2BNqjSppwXxmYaBj0gYjWfRofoBvpNNRy0mkCsDKWCanz7%2BSan2qXXmmRTDR5KqwrZglKETJqgdVvQOKGhtysJFIaYx%2F6Q2H3dEd3vlFVj9cRY0UbIxqqQvymHZdmWiHezpLwGvAEyU7yoUDw3B0x62kKx%2BrE%2BqYCE4EfHbnqt
2024-11-29,春晚官博回复檀健次春晚相关,晚会 888700,/l?e=5292PfsR%2Bq19miYMXKskQmV7Z4i4rswH9bYTFd78TkTLYlknHRCBk8kTo6Mh8ikJlqj2uMZR0adRMthdNHc6ZqhfgrVh256vOnrrVEm3Jk6LfG2m0ooWat92VfCJ3KMZ83gRPWwc3dkH2VRADgb4W%2BMwC23YKgxDpdFMi45C9Clt9m7iwuvBQxJCfT8QvUU4o22SyKSEgoCDqrvKwhqhRHW6hMJaF6IZCO5q5571qYru2Adjgcsb2Y2IVTJsP0X%2BNL%2BMiMILlLmM89VqsFlmqaDnjOMdAqhSbfqOmfwy8jSMdhBE15ZDgm2BrpTi7%2BJfmA9jd%2BbxX9nMeXdksbNCey3Bs0ABt9yYG%2BtdybCLhPCnt8iEovLC4L9mUVEBMAUYLvqqSRuR
2024-11-29,悬疑片的反转应该这么拍,24.3万,/l?e=0ea39Ndv2TdEjgxWHlpmib4l3UtePURtRrHqX1d%2FzlCRMy3knvY4v5z3Xxpg6YE%2Fv2jlfRmunT7LtNg58ZsnGsMOCfut5qFSFW5C67OXRqB9ycgaIPnbdTU4qnD9eZhrzwojYAsR5Vnfoot3PywH7Usws7yPHkVe0pbSZiljRODh%2FdXHJ8Ji5gIoYb%2Bwef6JDWuhBlT1%2FEHvyNtACyETZ1CDDBdRlHXoL0P6F3wW9%2F6syY8%2FYkKyXoj50f9i37gR81nLyYy8DDVw7HTd1UEDV%2FqFGsQfwHhr%2Fr0oZcAEXFSalCzxUhuVd%2BlxBCKVcPrkZFGoWtx4iFuVTIvwfDmWZWKsztMfF9u1
2024-11-29,Baolan晒传奇杯四强队长合照,21.8万,/l?e=926cfFH7%2FpMrwcjU%2Bb6GbC3udm8NCk1sfyBFC2eakuwVub8%2FZI2dfOTL9n5RYKffgoP9EIFd19UGTUdVY9zYd75ah3oJN6Yyfn7XlXSCn0GJT9qW9i1Mq9xsfm%2BrXtXahvgBJ2Iumxbry8sg%2BTG7aJZJo1g%2Focb3Tj3%2BMKC4RzNrQlqAyit6O3dJunSMTlNNuQq%2FKC94eesjTLLkkdS9h01KJkJnorOcmIgn%2FbnB89YuIY56jt49pNelYh%2Fyb9h%2FapMYqOOqvuZgHkuoqyBlkufM%2BebACh0ErbkG4x56FOKsFvxB7RuXPa0kIaj2ViDz9%2FhxGwVSPK5S7L3FFcve
2024-11-29,小鬼王琳凯风尚志十一月music刊封面,13.5万,/l?e=8c817R5donafTpLusR6ZxJNwkMvB3S%2FbJiHixlaN3ycq7xXPWGQj7m8hU5qZ61lhHEzvaLFqVuYVkGQOlDrLBNpTi5uLm4SFn16TnmRZP4yb2uwqaOj3WyAAK7eOkptNyIVQho%2BRdFvbOCHC3e9l9lHwOzMhYrlxESWZzKt69N6R0Ju6OAnqadeOYO4Z%2FMyzPjrrl5lLo8W4xJfFRIxm60b0LOaP4FE4cPRt5HcO1YB95P%2FDixqi%2FtegahYV1c%2B6Sk4QZK918JmSapVRoK3yiWzxrj4rGXzCFpZc1uO32zLAYksELynGOHZ6lrX3jLThrc24UaqVWRO46rD5A8imrkup9TFRVkqdTkfXmBd827kyx53onDKlNEQIICQfwLeKk0sFK7wUoz%2BIKdPG1lxfNv8wJsf1bRMFaEA
2024-11-29,金玟庭演唱玉氏夫人传OST,16.6万,/l?e=809diom2o1qCXFdnnxERCUN2Bv%2Br4PWw2QEpZOf4pj%2Be6FNXFXRfUDfxyYLljlUbDyC1isp1HFilesmii%2BH3EsyOJEaZKVnyGmajz9%2BmYptfJ%2BeBD%2FuEXt2IvSs9zFyTnSwwDgrxpWadQsh7p%2FFyt80EmVCrwquxgAxEbd5KkjXJtoH2a6ufjWOpmVltI9J3IQVjyk0e%2BU3Z%2FXwrYfNyJ%2FhQUZbAwX6b1pAD9K0vmnUQ2GD3K2msv9BkT7GFtxi56LeACdLwQzpYFRmkC0EOYdfYk9a1bMvi0lu%2BGkbqgjqZ3GGvFctoSIWPifBNkSCNv7k3WZLFpjAoT13%2B
2024-11-29,打游戏一直稳是什么体验,22.1万,/l?e=fd4aD4iMWnwPZhiiUpkOAUMNeh8hJVjZlsSNo%2BZ%2B7G1RyJTTxLm5KU3wtjhZBqVi5qnuqhrIXVoomzryGm6wZDh6Bm7XDL1jJJOQiei%2Birv1%2BARHXCuEiGUE2zPIXN3NGvLg5ux3wYLcQtlC%2BK%2FN1Slmx8y1xxTpslIpqhzRTAjK21NYHmWWAkKDpCobGJokY7CHv61ZzBcM%2Fd6ypDKwdigWZb8HLyELVSPLAhaHM4%2Bu%2B9c9fUcBnvwyMrCKYEOPXtPVJUvlqreiP7zooL0XcXvAUOtTGqOoIKDaL3l2r6hz%2FLc6HfvtWuVz%2BwUNDtCgOinvbZULWvO5ANzPoqUucv5RwzGlrdXY
2024-11-29,儿媳控告公婆未经允许在客厅安监控,281.2万阅读 | @大参考,/l?e=f602DnElhvsYX%2Fm36H%2BD7fVGl7%2Fr065QS%2FJui%2B8%2FLwhxUu%2FMSOwzlNb8qmHR%2FMPtGkTMm20Vn488bWl25jCzhHqaSf9xFKEKGMJjEq%2FcrSdKE0aQLQw1ebpoKWJExSwzi1udCjMTVJTMBb1CXuD%2BNyjg%2BXWJVD4FwmaHqBFtPAKnTUnyrNieNwnRAVJISdp1CxFa0u9mGw8Es1foOsaONBIr8%2FnkgAvx6db8infZ%2FjF0OyPh4AukDGNqPpqZRn7BUbaUJ50HiuB680%2BRz%2FewOfAvdAQXGUvRoyKJQ5b9Q6MBJjchAXR4bOI1A1po%2Fqsw44QXAclrVNHAHWKCdR%2BJaEVc6wkw5bFqNGpjZ6YaYV1MIbN0UJusq1TK0CfDrg4NVk7872CqomBNf5Rv488juawH6PxLrP%2BrP0rOeJjSDxsfh0l5YfZ%2BxLJkFKzrBz7wbFrp
2024-11-29,蛇年春晚标识有什么寓意,700.0万阅读 | @央视网,/l?e=a4ff2o4gd%2FK1v7PnkSoauIPw89OknC1lodfGcBkpX9ZkBuDBKDeG0gBk9vafFDEHvSv5KWXC02VgNrplSzbJVPnrA2XKQsEBOR%2FxwV%2FjNZTcfvrwrSeF30N2346hDYxhEd76tR8dsxkHM%2BfTZ28ofbJKfOhmZadLyobK5LbDB%2F%2FaJ3cOj7l6narYFR81g%2BcBf9J%2FwF%2BV3XrocRL8ORh3t0A3meHvRefRQVPVQzr5Djm0E2U0HRtQAHiB1kfumyQCrlbqJsZGGiO1dBpHoXkKtFdTwk80TiBYmxxACG%2FmkJ%2FE7TmKk81WtBarPiaXPtGIeArl9v6N7WaWfyeJmPniD3%2BPJW8kQC7a
2024-11-29,贺峻霖求旅行攻略,综艺 207666,/l?e=7bfcj1pXTuiPl%2Bi74bj9WcrGDCxrX7GS8ZsQPt3g3nk0im5AKQ99Bc8qwjw4bY%2BAVJ5wa9DLu596%2Br%2BHDs4BZKrSO%2FjSih0aebs8yaG2ICfbR7SsZUdei1VUf0hkM%2FYSlNDop5VD1Mjhy76NMlz3%2B4V%2B%2BV7YcFoMZ%2BvTC2DzuEBtfSXPNf6m%2BXtxH74gH0u76irPVCxkIdrPCh6ylxBeqckE4GGzrY1ae5KtMKg5b0cKDYg3Q%2F8MgPyo%2Bt5Lm2v%2FYJAyZd7yZeoVggz9RP5sVXEb7ATqnTP3C4Xt
2024-11-29,一降温就流感的体质怎么破,23.5万,/l?e=8a32LilDKZ2fCiR%2Bpcxz9D2weg2WkNAQ3l2gqhGKaXK6grAdVWERSrms8NGi12G5ZdvlZRDnW3YMbBvW31Tvk2hG7%2F2HBEfVD0uUl6JL0OD8%2B3uGGw7pJfYP6NV5errHWdWP0ya2nvl5O%2BF%2BDeuzcDahhE%2BD2rPSzITItERpkoQ8AOY2O3W%2B2mmCRbNSDWv1sorZBBpQfG2p1yo9nTvAbXRJuDKBYwZqrvCY7FysvU82ruVLeKZJb5c4%2BLuHk2T0ArldGC3jqLh4nkf4LDEVEa8YYYzH%2B5zME7qV1Dvj2K2qZ06t3MQCcxzjpJXG9XyR03pz9aO%2FM%2BgeV4u5XTHew5bNTsgva5m91Sy2VubGYU7koAu2sUeY
2024-11-29,黑西装是杨洋的统治区,13.8万,/l?e=750c%2BBuAmkrHQMWFVS7L3d6ECQLUudaK49glzEYXt%2FSxJbN2XGREo8cFFj8q4%2FjGBT5dvFnArfW1KPu7PxFufbfT8HaNxFmexmPV%2BV7cCxeb7t1Cl1BBM3%2FthWxVajRFE4nbL7eUC18c%2FvRhi23OFscKiJg8LaUBo%2BkxSYRWCFCvhHSCuDXpstgMyH%2Fp6RZVyh%2BRc9jhTuiBf1Jv%2FLyLHYz2m5hicf%2F2rEmhcclG%2FggeGOP2X1%2BE3sLyIr4GqRdCmQl030o1Z5mMShjxDCFqO1Lv9hmAysfk0fFV%2Bzevfqgs5s39%2FYtt1cAlO%2FkMBr43vrt3kPx%2BJkze
2024-11-29,郑思维拥有7个世界冠军头衔,16.2万,/l?e=fb473Mi%2FiGxw5RlU8ZXA8e1MHfMVZiztvp7UIpfkaAw1cSTdlrf80vKjSqANSPyDGfr6mDeISsXXr1ZFFz9Z5JPCwsqH7AETVESbI6sbrcyDJWcmXeinSe2mCNurf7Vyd2G9XIUGdoYNi3nARl7cfZ6Vq584VEF%2FE145PoFIFnGdbZZBa5qV3%2FFv4xlnmSa2WN4vLvhgUSStMjorrw4p5jLe4gKAjOJy7zk5YBuxWbEoVOSK3wiCNSGz%2Fwa4x2UkQhfHX7DUQIhrCSjDbt8QPdj4HF5ahQTcSpJ5sFuihOX0dV2BiaFoqU4xoLgLSaRDTeh4KZFZR1%2B2EkSwKGz80Ko9231cwlqZu2sk7gC4ZVDh0EhwZWRiNg
2024-11-29,中俄第9次联合空中战略巡航,12.2万,/l?e=198e1KgkjkdhvkLjOKaersj%2BSrwtOtgb8zwgGIj8l56%2Bs1ag2IH89i%2FmkTqDrFYDQuyuB9bONDg42QzoYbmDgTh%2FPszYWXo8YwzLYLCSF2uZFwCWxIaZM4imLr7raV%2B7QvwFBY75ksCZi1Oy68c5QyJxMQUxYGO78%2Fo9pMtqWyMwWcpDhfKGx4%2BFV0vCcFu8OVurpe5KOW%2BggWU99jXvV%2BSWauTFiIU5HuDM4uZrP8WUM5Sue%2B4nN1E3sjzhnLj3EPvOIRfVQuLvB5%2FZn6DJb3i3vkqrUrlnl4aFvzQnamq%2Bw1wPQ5Wg7Kbxya5ikKVvE9RNIZb80bmC8y3%2B9asdXoXBsGAWzx8GebFkQsx1K0swD2pGVksVnw
2024-11-29,王勉 现在是个综艺咖,综艺 111890,/l?e=56c6G35lVxLjlqaAiXEAd2WBZUVRmvmfvpvdT0FXvYt%2FvJcSKqkOB%2BJ6ZfwmB94M2mWTFgkozX%2BeUJ1NcNgdXfC%2BNTKZGe5JahS%2BTZFIzrVcx%2B4CMame6%2F7ZzNxsEXpnn4I4nWKsOyOXysoOGktqoTBIlQ46%2FdqPi8ONZJuzF%2BQpq7bDLSDBC2SHAx%2BjNLnjOZtAAUkk%2FjkBKfSnWJ7aKRQOVmubkBFaDmpN6EQSGoyQUUYq4Ankremqh7wYYfdOv40icLSXIAUqhIYK7TErezmvt%2BAmhBiwPWZ20SXKZqLgg3qYAT8oOShpcvBS
2024-11-29,官方公布冷藏车厢内8人窒息死亡详情,401.5万阅读 | @新闻晨报,/l?e=00d1eCKCSVaNigkUB2KPqzswmwPg6xPvsy8v8%2BbOUTK3JN9myImjBbuTX05wftGifxxTWIjnCf4JEJVQ2I2BYX0%2FOFDSiQhPn7GIvWBUnIBZwLApWtvVsY1GCo3ho7DF5Y8i8QsVihmOQgy7V6ApFejuiNFJyr%2BiQMF%2FEdkjIwU%2FN0ICWNsCsMosp1ynvpIQ%2FPTfI%2FK4aIOE07Jgj%2BCt%2Fqv%2Ba0k5ugGMTCZwWBU3Wk9lUUDcTTPh3AWNW88kU3rEfnFdH11VoCLj0OqFrHlx5xV4YRGqeSSV9npysKAh%2BCEMSeS8%2FoKA7IHlo%2FyLVkV%2BJfSgNL6wzJC7w4tT8%2BatdV4%2Fu1tBpa6gxFazSTWP44llakK5O0PXzpz8VtzRp6k9CNJGTFderMsSt2pzo3CJnqbBTBZ8UkUmehStg6KHj9K6ZAr7GiHwop1jBElIE%2FGRGwd3Qg
2024-11-29,欢迎进入中女造饼时代,12.6万,/l?e=8130NvU2373EK39EgxfYCsWFINu7o7Lf57ocZEuApeaz5pVxzUGC05iV0c%2B3r8jpYztTVEzF8ClJUFmRYN%2BnuBPBwA%2FphBHqNc7c7ml7iwpv9FdfAt9gIvRLB3Qkt8S6Wgpqu6JyiAI2C4%2BfqZ2zkWFQW23tkKV%2F3Dk9aOMu0QjvGFFDN6WPvICeSbZEX2KjcJE7OGhc23OFDpobB9v7VBh53OthPtkiZoIapOaWGEmmmstXKxm9QXcHSMPSZBCcgOvXpvUX%2FxYhmcYPZw0Gu1PtP7VcR0EZN9yFcKYxZ3U%2BXEmtokxBN1%2BO46gJW2%2FSaVRyiaXdiVgW
2024-11-29,中国游客在马尔代夫潜水遭鲨鱼咬头,21.5万,/l?e=25f3eg%2B1rH9%2FuoLc8W%2BJsEJbnB53Y79vs0PENc2%2BBFfIxRnTWveySOLrZitXD8kER9tOLb7AlzAgseh29fNC4R%2Bn0BzJoo0mPev5F5PcHEw9hneq%2FKYBXvpo7WtrXsPRtckO9QX10FMq44yuf9NZT6FH%2FHNw%2Bn8ulLLn8bL%2BrXt741A5b9ya32LjGpkLFhLKk45QiKUrM5S3TXE06K89Diat5NdsQ5KZ06ccvzKUzhZu9OlL%2BalRgAhpALSEXePdLyiNQVneM2zh%2FI5sYz3wMOI9nI%2F0ohb20%2Bix61H%2BmAC44VaDMtss1eGmQq%2BVn8Vqt6y3YRtvpYNlr7MdfWsxuRr8S%2F44opFjdyyoOXjBr%2BTAG77tcPomBPutphE7y9oqjcUnYuN2uax704MCNbyGXbKGRpbjCTdTfWxEoP7LwPvnt%2F63FM5MvW3W88aCSFDTIU5K
2024-11-29,侵华日军日记描述南京尸体如山,455.0万阅读 | @央视新闻,/l?e=4607LVManuFW24qMKX8uJ2KMM%2FRts7PbL0tDV3Rt3abDAT44tYwa5EeXxi6gwxTg3vjwikuypbTk83by0OAd6KjuGMfMZoNLXI43YU7k6vNeahUb5RSfXYPdWFDfvCszCu%2BgoTugURWazjLY378k2bnc8ED2ov7qLT57nU7iuuUJY5e98h9YFa4AXrbWzQwXd5FcvXi3wFyuVGaYeCzqiVvbLWK38Si9MGQrO5xI3F%2B72Qzrphw4ppKaXPSQzUlLFGkyhm%2B8A7c2NJaCaJx9v%2B9KNuFUHLkEAJZZ1UoyXKc%2B21rzxxHfzPM1%2FL7SBvqNt4qCXXZAOhNd3qM3mDCRAecrm%2BE09vUIwSitiLeN7gXQjQtfzaFgBGljCpegQaS49A7gbDuznOYqpmnh%2BE%2FtrC4fG5E8
2024-11-29,古巨基钻石败犬live首秀,演出 134988,/l?e=e600ubCFsYQKbZhN5gq3RihztweEd4a4%2FwOoML8p33fJ3dtUUSgF0em%2FV%2F0gE0XDYa3xuhDKHJh4YdnB8isJzwIoYU41d1NLrOID4R3VLcMdwHnol%2FqsEV28sMIeBowGJHpX1w6tzXdXc2%2BCNG%2BkxY2GxMdSOUQABQYaUe%2F1cBNtMfdEr5gStOwSNlObErA%2FKKTD1YW4ghhSqhK7JVx%2FzRQ2ZmUI%2BHp%2F%2Fd%2Fh%2B9QxnFot6bZTmmqmmQQIdlGaeSm7pprOfQ0Z2g3zX6zCfTcLc%2Ba%2B3iK8G9Fg5%2F6YKzQK91m0rOtLfbkmFh%2BiugsFDA
2024-11-29,巴黎世家售出8天后要顾客补1147元,66.9万,/l?e=23c0Nmm0qMPJ%2BgYPjbuB2ZoDUMF4vqSvnVisQY6%2BDjAsihlGZ05Xx9blY3FTAioP71o0PPXf%2F7o1l4Vp%2FugK3S53hyT5%2FLgLMRG9CRVZZMtuCHNT724ASqBa9aZIrAFQ1GEOO3dRLnsqsjU7IlQl9jyhZ8JqnPVoI8DPg1AO%2FxOq3e%2BFH%2BCIhHABhGgzujJrfXE6E%2FJua1X4l51lmyQE0N4KuAIqGmAEsrqsMuGqkdvAniPCKU7Lvn1Ose45yMeqwXBHAZHEwCzZHmXw%2FEqjDBx3VAsnAUfPBeb5D4toTv8iXkDUP8WFwRmNBPDPB%2F193KHf%2FwX%2Bg76EntgF%2FVL4hmfyMqJZtS4%2FW74DNXJXAqS6mHx5PuSlqSCcZmAmp%2F%2FbSmE4BQA3DVbqhgI
2024-11-29,虞书欣丁禹兮意林少年版,剧集 137691,/l?e=cad1Bbv3BCa%2FVGiiSD9GLPyyVEujFuiNot5xDyJYjYp3%2BJ9WdhQOoBJA10XGBtyobANsec95A5IlcwmVDogwWjAavBkUNxrH9rZqlic5yPYYrTYiaf%2FMGiLR8G4e6tQ%2FEzmt4hFQOvDx0rxt%2Fx3k1n3MZ8UZ4TGi5lkC3ugSH6QySMxLS3EYIQWvfPpi8vXpliW3G7NcazfNZ3FJTVvLmxNa7Z10h4nQOOmPxSpXbqB6L0MaxEllAxy7NwXA1xhXEI5fVN0M%2BE2GpF9xNGjw2LogbWpa%2Bns3XfokPDfcnZuUqwE1zCL3vedvhiDQfKx693PnHoh3hj%2F%2FaToFnj%2BdgtEIrUCBC9J1
2024-11-29,TES官宣Meiko离队,12.9万,/l?e=9126rHFYbyR514lhPS3RZk7n4LqwIVk8ightEuecUZ%2BhjCGX7Z83EXdMt4o6bTMBOTAb8jXb7KXplz5%2B1W%2FYsFdtJR8WQlBCm6b35Q2sTA1MdZ9dB9kaH%2F3RDQAptowNSu3wQ1uucIHVHnZJmjUkUKJqBad49KRW0kLf1udUuLCWzQ7OCyytrrYb47OADw45kgFwfMmQbDjNyhsi4cr%2FIyll1Y1ihbk
2024-11-29,唐嫣灰紫发色,音乐 110851,/l?e=4c53xX98njlwthXSYv8wv4t8GR6xEBQZVjj1lgEpDoeLJ1vMTfNWsfKaoiHGN%2FMZOLQJpiEWOkgg0GuQVzxgaKyoBVx2IR65Jh7L5lHATz2JLcTAXIOnYVHvM28WFbs9%2BoGHMrtDf77WKsV6ZRiNBTJxXdrMdZSCx1v3Uo6zyEawrMZmDSxF5LbHuluxSh8ocWKu0OrgBsAYic7lYJfuhHlflvgtq8iJ9Wm15s%2B4KgDz59IWpue%2FKmh81imJ
2024-11-29,韩国人的精致穷,40.6万,/l?e=62f0EIc%2Fz9wZAc%2B9jWQx%2BCwQjc7NPuVE%2BYSDVx2Hv1HCFoO9AwuIzNikBVOrMSo9pNU%2BdK1zcAbg7hSg5wTA676GClU0vxNFzMYUHgBesRfJT2TuR0T5zU%2FnU5tABunJcTdjhav8B%2FDns10IWcVDsF2a%2BvLpIWm%2BomET4mos9I51UADvmYwJkCzYu7GwL5lgYwTwHe8vxVrkfkP6w4BgQCqouDjdVgtuMGngOapa1wgET11fePgt0IWMP0TO3OiiZA1Vj2ee5XieqCiN
2024-11-29,林一长沙活动取消,20.1万,/l?e=d88auwz20M3EAlleaffnJfkTkHLOzUy%2Fsu8UE%2FjvMIIVEzatIuWQQOzL%2Fy60pU7cQkq6kQcLWEVQYSz9WKJkCUBHzMRJTAI0mymMqY2aYM%2B88OBMN8WEkOAUSYiYzBvjVofugBnBt8gJDr1%2BiPqNLdoQz3GxYudNucb3CDCltWXRtZQshwKyx1VRISUbqp2%2BIXAQEzNl%2Be7q6XKD%2Fdb%2B%2BPDV8h0pWTBN1gSd8%2B9UzbCjaq%2BAEYuwQ1xycWvAidllZPbZMKYGfmgZfzZaauycBYWNaYuFE4xE%2FcEQ
2024-11-29,年轻人买的水果半数是情感商品,14.2万,/l?e=09dfdZmzn8lioqJECbR7L9402l5fchpJ%2F%2FgLSu8u%2FCwZCSwQ8p46Zla45DvBKlgZZUen6ACS6SdN%2F7VoVZkR61rwnUTfSSC769EtF%2FX%2FPx8l7XUL8TjxO9MJhxl%2FH6e%2FehZcu7jRcnFlAK7sIGldqo56iMX%2F5S06FHt8I6h2bIrraRSybrQECVA0FPO3BBs3au5BsJoI2lqvpSJ%2FFu7lA5AU0UmiXyuUxjSKqkZCSQHBQc%2Bi7RF5ZRbyOnri9tTwew99xo6SkAH%2FEHBhHNMGF7fagyFD7vGs%2Bpnm2%2BlYJdZcd9vJHIwHA6DXf63fSl03bxeVNjwrJVbLcnxU4d%2BU3QITY2VfzxYhu7n2%2BAZLSs%2Br93qMg8i9SFDuRjepau2pVjpSLznPQ9sxYEZHd%2BKLiux9IESq
2024-11-29,林一霸王茶姬活动,13.0万,/l?e=f314YdNxh6p9bFbfy7%2BDaJiMt6XDXimVjD5tw3LN3%2FMJo1fQfrwQwOHYqPVrAFFNaNsCrQxgd2SVq901QgI09HzbSk%2BHRjLzR89L6Npba5Jq4iA3WepJJdG%2FGR52waCCEjNgazumZ59L4npDluAmxjkxSQsx9UEZcHtBfySca4L1uN9xPYOAvD224pf8EZyNpT%2Fdi7qcpv7J7iMeJ%2BMKUXUqK5xwI5tdnOCksS2QuWEdnZtymMRICEowuMlGCW4CzO15A1HUdxy3gROkr3WWth4wdrwTw%2FJjpsBa
2024-11-29,侯明昊无处安放的手,11.7万,/l?e=79c1ebDl68epcuO7w8BINaAuh44ophprcv7cZnFqVOKnTihMf44mZOE5OGBuQ9MGz0yCJGs1prh2%2FH7%2FDh%2BWGbFBIrrhFFBn%2FOovW1G%2F8pzOZmSXIm%2F%2BbdqOCEUjjHJdM%2BG2S%2FkWkioTe36EyKyylBb0nh%2Fusyfy4YDxVjwc18210PL9Obix%2FEr37sTomN5AHRJjZ2kRuulQo96QWimJV39CNZcrdIabBmKrbmTwG4gpClG4zpb%2BQ8Jqkltd729N%2BJeuG%2FRt3dvPqiYf%2FgoZHQ4BEnhvBbHAZRi7e1sxwkSjwIUHugCrjLlu
2024-11-29,上海体博会真的太好逛了,12.5万,/l?e=8a677PUzeN8SN2%2FLvmz%2B%2FR5GsPz%2B2cESAs60PI1UQfPzglgqRTlaa9uufPzaIEVxZlj%2F9nR3xJTj%2FU3%2BR2RD5gtmu362tPzqS0c56j%2BjgBtDxvYB%2BO%2F3ecrFad%2FJ1iGDe%2FWkLxambaNhILFNoaJJNEtR91o0%2B%2BIIyJbOxJkCjam1HS8f2wtlrBzAyxxFSrLzRmnNmqlD76OCVYJo4O40gjJiXeFyLQD9100OwgbyMzoX8fGsCRAYmHbALUrYRPBSAezZ69aylB3X5UNKU1hCdZ3rqDzWXuqSxd1D2lMdxHgzGXAsUdLFnAUjA%2FQxW1NgVK4vSAPjeuOz7bBjK8uAG%2FznlFNWZNUP
2024-11-29,容祖儿心淡全场大合唱,综艺 134258,/l?e=3ba83F2h9MxoP9MNfF%2FoVdxGJIIutIAwKw9wAZj0IeYmZThiZHVpFIAR0Q8TYTsVEfe%2Bdnk2qOdLkRjGzNZEtPAl5Jdjo6nfZST14ptu6QaZuYL7K4bLkZslAh9ZZRumQqQ9ddDjcHiQg0dty6J%2BFLCMzNIm3JiMGD%2FSo%2F0BbNfPec5J2dYL%2B%2Bt9SyIbH6YPI21wgdgVs9PfVjWg01wODYczSnF9aTxtPiGl24SwJjmShilh2zU2FaTMcXrItfQl0%2FKFc0CkOrs3t%2BaXXlCnoZDT%2BnXOIjJoaAGmuXoU3SRQmjZBHKbToC54Uc5bwT%2FKgJWa3s8rV0uq
2024-11-29,王源头像P了个新帽子,17.3万,/l?e=99c5GqjxUOOyrmeRTFwGIk%2FEjQsiAKo7d6719Cw6XOzY%2FlSqWvMw4mMgFHRGlPz4qtC9KgGGN1ceizGIS176ufC8Pinyngx2HRBW%2FdpFh9gpaCXHQ9DtLi9lqq21mH%2BGpq92TJZ9qfcxMPEaQsEagHD0ukgb1OmZdgpl%2F4MSNO7Ge3XaOtof3g38CDyiKVklFH%2BPz434kWNhrRJQz%2FVCe9E6Jp6j5rXV9p5%2Bgj2dY%2B2npqDhayxEXNJON%2B9krFVHxOjUJEzAHZjqHrSVUNZ%2F4CHz88P2h3nzQh%2BVJ2y6WdFijMsZV60zbdRAvQ
2024-11-29,再见爱人4第七期视频没了,综艺 334653,/l?e=4f828xoqjbmMuS73pIUPrSt0V2sX%2F%2BeI2Q2IZL6UsEk57cOFQOD%2FvZ2WDu%2F9Hrr%2B%2BBA%2B0gbp4lmYIGAAfTT%2F%2FIeOmHSJWDkXYpuhRvo2vv6LvHNSWaoFRaAsnQTXDVMf4zj1H7LB57QrPuUpB2DnRgWsoisIOjH86q2p%2FLU3AuCVeLTjqtcDFFCQKmHVIZ3Zk3aL5vpHD1r0OgC3%2F2aL0i3BKvMBohLPgHga2UXXKwY2sAFjcaUg%2BIuaa6oQjXQjkQo44hQi0gSd7UzFTgRiuEvM2yTtzJRfL6hKVdza4HTDXH9q%2FLHvQLSrUKgb%2BNzO177LTL0EVX%2BPJQB4YQvbSlh0k0cBqaF9BQ
2024-11-29,优衣库创始人言论争议,19.0万,/l?e=9a1eq%2FGEs1FFbXCImSbTSxsskJIwvdwEQNuW6iYziLEHLgb09kGfJbbtiZwkyl8CsC7JicXG9q82GkAhh8615QkXmIE1lo%2F5jTi3OBpjeLQzM3SG8z22%2FRhi6zeaqTOcSlCe6afDg4hZ0XRxM4TYtNFSr9ZFa2I2k62t2dYN5zw6l%2BguPV2wSkJ0hJVY5WK3yN4EqJqayGzoKuPMHGX36TZGbkX3sCEWH3BWGKoM5tpWzqPjpD5tYRspwCR10YzhdZBauyyU1nykwUR%2BGlcrCPARxehDiyL47rRkEUJ%2FrmufTZ3d8FX5Zto8A%2Fm7S4n9MvpBRMk%2BEDMY
2024-11-29,丁禹兮看人深情是因为六百度近视,综艺 132684,/l?e=f324mduIWC%2FXnEAHcN08TH%2BAk8xjxXvn7qlRIWEniboy9P%2BkBuQ0c5r8jjBThktMHr%2Fau4hVYX%2FE1tiCWYhbfZqZiYb4gtj6m2E3p8RsN7wnQQ4vY0brSDsRrvCYIyWwK87ZDMa23kc6JMK10IWbsU2lq959n0CFUEEq5eABeRggY8ljxMehYhyD2fj4n4GXqy7rdxnx6F6cpQcSq1GF3QCavqwtLZnWxxoUip5sI7xHunkeBVhkeLRjFhdwXw3qmqmuWOMfBp%2BrTdBZxty18DxB9ytv%2Bmuu1IyEzSAFOmH2dSbjqj2jDpDULKy3xgIUKnSlTKWDhsDHA6xIhWEERwY7Qic2CyvDLVj6ba8rxCAXfTb8mD0VUbxFFwr%2BLW0FftJ7%2Bi%2FWKmhxAW%2FX%2FCFlER0%2FZ0JZnHIaiwfILfkREQVbLRLq
2024-11-29,奥斯卡宁荣荣 新还珠格格,剧集 123615,/l?e=86b5jSCSG926S0IsQAS%2BbjrjzI%2BLuZ6QI5xZK1QXpsOlvZPNRBCtqTShlpm7yBr83T2j%2Byxs0v8lfkZ9B4WpeNyst8XOjb0M7%2FbBUo%2B1j6629ejtuq8JQAtrXuql2kAE9qe1LTJi7Z6%2BxzXyvp%2FSsS0IUhoPy7k89pDmbYe0Itk7TXHAaQhFkvyNS77PloeMw4skDAiXxmS%2FaI1Xx1cO6leLDx5B9JzhwRfBnBYHi1LkeHAKf0jxD9uY49Kma2ZGEjlEF%2BK%2B7OXNZWG1OzF%2FIT9lm0D%2FtDuiuIebeyu9%2BYL8AK%2F2KPw8zHoxc%2BgSDuYXeTUHWpVl2ghuEFQ3MoqybWIlcy5khH%2BiC0Mi
2024-11-29,丁禹兮 包治百病,15.1万,/l?e=cdd2kVY8QHqgHzROIMYdnZ3EtETe%2F74BW0pEt%2FKKeGkcNk8q%2B9lgtgNAHkdyxDfc27Lhnmy70HKut6OtL4HenBpXERciHH6zsKkcmov8fxNgFvNwbuedFzGjZZDlmrtMSILNB5KoEBaiz2wpsyCBXjDAfsk0n1itU0ykH408qHkZzAJi%2FwFyTuRuDePeCGntsedSaxnbseOjt0IUCbefcESUO1W2nLEZ1FHpjsFB0zY152fWLrC2dqpqva4wwnAHlw28VsW0%2BSPA17YF5r0P
2024-11-29,孩童被未拴绳狗咬21天主人未现身,297.3万阅读 | @百姓关注,/l?e=71fbCaBN1pnEoj9AZ6PaMrISIU5gcVmIxPdxZ0v6%2Fx7sjsesphKfVbj%2BjyOZBYWK6%2FpL2W2NOUmb9DfhCdG6fMvY%2BznNkhTUOtkJT53WiUFoQ5B3pw8glWryeJ6VtBQ3%2B5ge3SfviNSb6I5cCLDKwI38nYWe%2FjSZnGy27GB7%2BSIOn8RgYQwHl%2ByNmJ36F7Rvjhbm%2F1ZYnVpsl19iXngnT3wtquGHru7%2BfPxIkbk97yDcTaeRcg9H6l7WSFJeNWR0wazNsF99pBdt4B2LvZDO%2FzVyp3D39ybxDiDwgqBaDV8OyiljPTkIpaw%2FZpYAnYArVx8Bzf7Udh80t1qQnKrukLJTnLNneW3oxkgVG%2Fa1pFPdHt%2BK4IRdwPCS4oDnzxRNSS9WQNdsMj5iWZF0JlTu2H1nGWD5YC0
2024-11-29,MRC对战GW,13.3万,/l?e=0af0GWhLK6qleF164NNI3qgadjLWW3nEB%2BWmoYmu3zDDUgm7ca7ikqRqXNTuPNGtJAej0RLQ9hKp8ib94Pzx4OdvHoStITder4NIWwXrCqi54PG5ogyv7xsrJTzdvNQLUeybQRPE7liCycW1qUo05r1b2CGH9ip2xZjQDiz0P8RJXWRjkXs
2024-11-29,有毛利兰陪伴的夏天和秋天,18.0万,/l?e=f100xGk%2BxynuLDX8l1sX5aqCJ3em7GNryK5ydKR5uS3rbObscG2%2F9IcVKOwGmxysNIr90hZH1GzzMMBGaZkMYJHVbVS443BDOg9zd3Jsb6kOxyH99ZqjtIGml9xZeDLUYUpvFBYTnFFwczRxKEWmTWXoNjgq1X1fSCfpfcOj%2FVbRAbHTTID130FhZPhC7fwrT8jN3M3cpkIp8i64kK6mQXwSG7psEoNOs1k%2BWOBY3zZ0fCoOZDsSQeESMLhG92I5d8L%2BXPdFShCa2GsvRxsyrK8caaz0J2E3qiaRiLruW9DNvMYnqHfrMkU%2BuUTVYra8%2Bi7H4tSHXVBQQzIXCu3KOw7BM8w9UQBDZF99DkfdoPh5ZAjHhdlB
2024-11-29,南宁一家长称15岁女儿孕期被砍伤,11.7万,/l?e=7141V5OOxtt344Xg8iQm0LDbPk00kD%2BxpRTaermhDMPKP5bCONKaKvyk1cFRje%2B9LJj9ptMSEtWbDZ5kG9VKqir%2BobTTINqL%2Bj2atzlWE6TZr7HvJ7%2F3uplmWlSLyIvc%2B623NMiMcvgY7QWS8ysoyh4YzOFoXZvAtySFy21jNkiMTVrozrE5LHlo7iR%2BzfK5mRN9JADOskKOP9lBJZfSJbSl6h5CyyGNR3GrYOHigvH18EFTbn6ywRUhEkwGdy9bU947zs1N575dEjLRLE8ASCSh0465ldLWXLbzQk85EILdqx2cPN6owJCOZdEdoNlhpCm%2Byd47E3zfsYJa4pu37LJbpwR9t38CoXBCOjNwL%2BxTfklNAV6No%2BEoFl8MaroQ8rqcf2e1Gb1jq41Cf4wpe0q%2FCngCj9Q
2024-11-29,杨子黄圣依 人设,综艺 110717,/l?e=3b3dZKES2b6MXi3rUzihRTKpAbfMvwfXxcaCTDXe31lhYNlqwkMJAXp5%2Fr964fP4%2BiE%2B7v36FDDFNJt1bQ8o%2BVgP5OUzGfCClPb45LD68zPQWJIqy%2FuSViSL7LQE%2FItuZcANu1nCZOJp1ge9EKytQwyyqn6xlanLcr6Dfw9ey8GOXcBs1Lg0JN5ysfuGD9vTo6Y4ovZF79K61lCxm15K0hc3bu2YIDmwCbV2zz1a0kZe%2BNCHn4pEgMkXCLIKHr6eyYHewdBAQnp8cEuEw5oY
2024-11-29,张予曦 初生天使,剧集 127019,/l?e=1addVDxsCDApzdDkSjNGmCIlrYgZYC%2F6XhSxP397ZetyyZw3pk9S%2FtvwNLMh8gbZpA7ktWTowToqudHuTocesfPSx0LSLyBm7f9qvFPgG8WyfG1O34OHb60roU8p5F7C%2FvUbwb3HUAkYbX6C0m%2FIm0X4Uso9LrAGioT81InNTwLjiWGmD%2Becq3XykcjYY7iYbv95rFu6%2Bo06bh1sR0LJSpc0j2lpEenKEcJFwj5y9JAcqm8GTew2zOnT1lrBR6P23Jfd4NrSTDaqIn%2F1Zn%2F6
2024-11-29,3人1分钟抢劫金店价值千万财物,15.1万,/l?e=b8377BacwL2MyB7Ygj2Yc683k5Rtn8BpUVU6qxoNhyJyxxthCNqknXJijeYLBCBeFRf%2BK9bHqZjcYXsnlMQcXTArp9QAFcEqOSWAAkM9MlLYCTu0nxdfBLoswW0DJow%2F6St%2FU8Pl%2Fb6424MqOyno0wGWk364mMf0Xl79sqN2ncvPh%2B5IFxJGpUqhdhqTX4PfhxYua2oH6BjKash%2BBw67QJAg5CIWIDFIQRDAuMhzYiH%2FBXKGSs7g%2BnpPAfS%2ByFIrnPN5E%2Feex%2FmJIKyL8b3tchkZLj4XSIeFaVpgOAM2uSFGRm7rlBI0unWyWxi%2Bqxt0w%2BpwpHfxvuHukxgEXjQLkxzPunariKYftQMeTXcQdoLp23%2BURf8cJ6YjLlO88SlpZ7a3fD687qk
2024-11-29,派出所回应山东一金店被抢,721.0万阅读 | @大象新闻,/l?e=a13fRPvwVMR0708cXlE6E%2BcDyEX85p0qPhyG1vL7ZE%2FnECHfX%2BAjFFkwWC%2Bnqoig8dGQmnmX%2BCtYGGfzkoWlUwz8c%2BJfbiwgCo3JM%2FH36rmOh4O9U8P3oKnkoND5babOZ6wK4GQg3uxsLisgVRfhSJNvHeH3M6CYKYDPTiK4owLML4HEp8Bxop%2BoM4orsoWxU1VNgmjYosglwuoXt8w%2F6MRGI58Vy2n%2FHS6HV9ZEw5x16EOy7kD6QoNi9mgSxq7yVEGQKEgwDy%2FeQdvYzNfkf5CoZ2trPNCrVtmIdmOgiFXchM2IY6yR9jVcjbPVhtuWFiwuA3b4gsDObUNBVaWJCbEjC4SAN9SKaaFKBza4h63B1D1a31d4
2024-11-29,珠海户籍居民可一周去一次澳门,1021.5万阅读 | @珠海特区报,/l?e=2f38Sq5gEnNWzQ2SJ44dn6QvOSR%2BnFQATX3Tt63kMLIymB0dCh35s2fMEA2cZuqRlXvAeWC9PWIWAs%2FbSKrlCKHhzcTPiQlR7tM%2B7Lwxv%2F4l0jg2RsI8ia6qRcmrb4kv0aKiGMQSdS2Myn71WkQEN51oTrBYzbUCRbi73lvuIa5%2BRFNTpZNlIfYk2rDQOA8ByvEnjjwVMuyDS9%2Bh3X3uLkXeCj8QxGQknWf1o7BeBzAnBdg8V4oKlIqO7Z7azL9leILj6kI2JGDEcaWv7NTx8hiAD2BvX5bXadnsDcZ6PZjj%2Bt5gR6PQej9Aalw4EasDOeSWpOmwj3zAuRXhPaWLYCU8rPe581KQVbbB3tWPEFkuNBgpTGPDWToiCysa3d9HWKt3MurB207cyPv8arEJ7fD4lctK
2024-11-29,蓝天救援队辟谣外卖小哥海上送外卖,,/l?e=191ca73qvdbkJQkDkmS75Z3u1fZ97UXUMI4I4QjYS2Qs26i70otrhQCczwb26pt5Yr4xnRbsOX52WqxpQp96csGoAB2KlTBbosDV00r46%2FETzP%2FRnfx0tCy9wC%2F9RDfheZJ70zWA%2B%2FUXimp%2FMdJwm4nwDNR6R1uQcr%2BN25UoRSLq8XG0VCSV1bB9Bgxlxbcjm7JQSKTIK7zadm7AUpuE%2BM8bavpzPt9SoEO9xf8s7ou%2BE36GT8vjKNTtP2%2BgldiJeO5nywUW%2FXx0P5%2FS7HHGVehqz52BxC5cTI8IB2PhhJq3DCN5A7%2BL5RzOG7kRg23BE0efXx9FswNcPkiGNkzGRRx0OZU6Ze7iOUhI8WjlLQs%2BNFJVuDMdK2CUnXzuBVS86u7w7bY4BEQxlsylXsulMBGIDAB%2F71IBJ8lQN7CGZz2%2F%2FZTM2kglW%2Bv0MV88t4vHklvq
2024-11-29,卫兰她整晚在写信,综艺 136195,/l?e=04d224sCzdTM4YsVpfYGpFP6fDo%2BbdL%2BOwIs5tYwn07dyIDDZkI%2Fv%2Fy8uuihot%2Bomq0BSyh430xY1i3A6rdT5Ljz0WjzQ2%2Bxt9dlQSWNvfQ6JBZ%2FZrxOnSO8%2Fq7d7P%2FYvBs3P8Lhw8J3ukxRA7r5w1vi216y0BgFACJRiZ66HmRKMAckhm2YLWajt5wgLK%2Br8ijvJcUknEOr9feUyWFwvkrzd0MONVCRD6A94gJh4NVkoo4Mcz8h%2Fr9giTrknUU18h%2Bc6knzUx0RtTmk3XZ%2FOHXYf2JWPhr3lzUZ
2024-11-29,鹿晗好拽,37.6万,/l?e=29469PZ1HaT1mL39brmMk8nzGO2KUYVqHtZwwxllTJN3w5qs0Uc8u4AwIWnTf7k6thEomgsIXgCRZyzlnJz90uIlKGYQvfW4kFVUIQS8MH4qd1bfAAnZcAaX8TAglTLFs%2F2oacPN%2BNZUJpcUDbfYXXFerR1POiFgZqK%2Fvv52Uhfx6e0x85v1Wms0gqY5UHC%2FmD2OwhJvE0dQupwOQ25i
2024-11-29,108是法考生的幸运数,16.0万,/l?e=38ddM5aQWs7PmvcUyB%2Bt88MUGxzxcck1whT1Irx5MvDcZRE9qGleQNQajRPN7kJCs7WxFIvhlhMAc6zBNbuE6kQYzXo5GEEKXcpmuX3C93O9NLtxSBy6GDrCowoiUEbyW6a2WwR3g1FKa%2B0CgV%2BxsR%2FJpvI3eFB4JmfqACHmFmsgXOeik1RdySiMareQyCz1dd8cN7ZeOKyylI4%2F1eBwgBtF0RoXN%2Bsc617bPiAnWrxW4OGppSxyfHQfrKlxmRgxm32gD4S6r5xCqNUcc9upO%2Bb5zldlY0bUQMA4q8Gp
2024-11-29,NewJeans解约发布会后首现身,16.5万,/l?e=a4dfsloQYykdV%2FVk7MAj%2BcT4KcESntJEJMligadxJP7YosccZYfOxo9upJbAeS9J8AlQo9X5woM%2FoBvqWyAL8HbLX19yAIcmHAIV4ynDZxoOXF%2BMWFbze%2BVI%2Bb7Z%2FaUdAy76%2BW52R3iIApshntbpCHg6nPfcFEKBGjOSiXD%2Fnlq%2FgP2dTCmyKp%2FYvWapnYZYO3N2Rakt72RU0eh%2BZ3woofJibH51jdWuB9Me%2BQPjjt%2Ba2W2u4Y911o%2Bslznt%2BQZPqXz%2BiTcY4ceXEPOoDrkBaEYRjxqW32AR5MKiPsS1TO1nBbzs7gH%2FgPO6agb6oZRXz%2Fk
2024-11-29,唐嫣COSMO文艺女主大片,16.5万,/l?e=ab67uIR%2BBmy72NlvH6HbLs7L4Zw3UuVWC6VKPbVYBopgnFmrcSLbpC5y3ZosM%2BcqaqcIF0ZZ2lmenuRypErq9ikdBOJiIc5xaAwPFpXqtTCXlqPRQwOxRaOAyFff32o9f2eJqtU5AGrU5UWEJ%2BQA7hliJZgUQA%2FVRfS6PP2dYk9KXHcL%2FbJZEwc7hz78kaWTQKJIynLUMuCDOBVgleKT31hH6eVHK7V3PUjY0xpjw5ePcI54fyRtJFWdqiSSo5H3Sq4%2FdXprcbz4rn0SYM3Um3jP7RTTN2rdPg3ZOl5%2Fy20
2024-11-29,何洁时隔十年再唱rap,综艺 181138,/l?e=06ce5j%2FPY6YN2N0SLRMVRhXOzFJDn5EcPgugZdsPKcPABAGHpltxH2z9AgulrhIKvi%2BUPoAflVOra%2FG91gjpf4iOcGIO7SlQBnJI7cZgZLysqtjsHY8U9OHEftK5j4n%2B9vBUJ4SFZ%2Bnbyu8GyIlL6GzBSnYPj%2BaTjk6ziY3%2BwbJNrYic0L89XFxsMCOcN%2F%2BR54oBO29XhwmPxbhYBmn6FjAVoCTvTpFRWcvzgd5zEqXFh2ecVVJR%2B16EE6u2mFjRBZnxVnzaM6Kac9IyJAqDwHiwpE8BWReiL%2FPY12N0
2024-11-29,古巨基cue宋亚轩,19.6万,/l?e=7dbdhN8UPNqhdEkrADRh25xCn%2FNh23sS5jwVLHjFqtUqhrD9GvsO2l51LyaF105NgoMdmY0LGU9E6nygFFeJA9F2NNVuihXGt1815P6wfXkkMP9F3XlzdH9lXs6ibuEOGSDMHO7Q6tGFL4sZwj0rprVCA4SUUpbWTsd258TwUR4812pMdsSCsISVZzkfCfOIU8RymP3EYTFlhXQBYIjIg9Y%2BKB2%2Fq0UcdF7WpKSpMWd0vZ708FGAoqN%2F6cjy3MY7
2024-11-29,WBG官宣Crisp离队,12.6万,/l?e=fe5axGMDj5Gk2MRoiuqJ7HrgdI991c%2B%2B5oyvHGi%2BnzCBM44ksSZ8HFwXQIgAOhSTgG79pN1wr5gjfhXgJzQtHjMrED%2FgNirKuXcZtia6h3SV6uZVx9AJXNNWCaAaKexB7DQGi7uJ9HzrMhuoxVwzgLv2tA3R8HeJPxxYUlsXKtYPvVs5qUNcSW6ZGMYDAELmOKJkaob2Hl9S3dA2YyczjQ1n6%2FwWK5A
2024-11-29,11点05分是郑思维进国家队时间,14.3万,/l?e=9c267qVwnicsNpuDZqwRag9FxosvQG%2B7w%2B5Pf3Xtgd%2F3S7V9BuXOsKd0uY1Nvin3YX9c9rTuCeuOTH56cPd0N0vmlk12ChSppjF35moto45TJNupgcuZz0%2BXotRXSA3SvCqDeoNxjm0Rlx1djBKj8YMQ9dQxND0J1%2FNtYNCR3iHshajah9DACbVdpPTBkDH9k1F2XX0ca5Rrp8O7gsrLsu%2F93%2FB54V%2FDwfdos1W1604CovIcM%2Bz7Bdac20lSNzhGLkRbf6iZb9kFccNkPx96X6UFPrlNxWvJczLLQJSjIAkaxX7dPZYQ1sAeh%2B7SOkmt14bP0w0MWF5p5h%2BSQfBACbJgnnjeKH8SjmnKrgX0MXtNcbQQdTuFJ9v1tA
2024-11-29,黄雅琼回应郑思维退出国际赛场,30.2万,/l?e=e3fczGB%2FIcjhXuBOr6%2Fex4Xm%2BLAsklNddRQiAmyBsBD%2Fbs9cgVoowUx4hxC2LJkQjC0UUrsRrzKogl1v6jNNuVXV8srrhFipmFSbN06Y1yZ%2B61gCunl7xp7QbVG6NprZzHgrnm6S18%2BabnYJnbcQMc%2BEiBZ3HbnRUCavRz6oD5Eb76CNdee6rTanVijlM2%2F9CPmUb4IuaR9QOcocmPKCyS4Kk449ksN8yXjgar4pZm3ypFBZtfoVnTQ01TS88P%2FtmlMQ3zmzQMbB68KAfBE3g6Bxjh85zaBpTEVl6%2FxD5Kd0%2FplZrFK5Ldp%2F4BuAus6QIuf504LP73EEG4Tax2R65%2FrwV1Iv8lCsTaJWNfQM%2FAN6ENcevpo1uybgB78yquV7PbMz64zha14BGMohPlESD7dYHCQU
2024-11-29,中国奥委会祝郑思维一切顺利,15.6万,/l?e=2bbfNliMDcuPHon2ZknFKQ4Kmq33RQAFAWBzEHVfmop8xZy2IWxn3fTJ53CcslISY2uM1aDTKJZA5xw5%2BZM4GKtVfmAVAH6gFxxA49eNlJHROQd8NXkB9untt2qGLElHu%2B0Z2RfOSr5WzuBD0DgahbZnkbSjAiIby6yCT5XD9PG%2B1foW2Op5%2BgnqgTLIWLsfxmPHjuaWpYMymhdiCJaPkmAqFSIDfCnImaWXJIWO0F7%2BCGpFMlgZovIfbVYgbPMqROQ4CZCZI9Q0HJjQ2XwiXfJRbbhDMfFer6Tqq5GLP5Sy4eN%2FVYzVGkdYx4bLIJe1EgP8oqWZX6RWh6qbx8jOqR%2BLHSkpz%2BxiP4fafhN320I0qhGVt%2FFSjDsHh5j3LhmB7zP0hoWg
2024-11-29,陈少熙预言家,11.1万,/l?e=6c34wY34dtv2eUSK6kqjRZHYkd0SjeZlUhwdg49SS66pCPV2zDryh3slvjmODX%2Fj9qJYCl0Q0ZrGvhCa0C0K4EmsxQL7sTH2yzZELWZNyE9mtA3DrXbVyPL3fyVnl%2FLJmPBeNtBGEncpCOgbu1CEKwac9ucTLz5VyCWbwYDM%2FwVJlWatgugd3cFy%2F4ofh%2FIqAoysWh8zkm6U%2FMtPjZSR9QQH0nA9XFZmUMa75jb5pI5WZKNqSarHhQtWB2gs
2024-11-29,羽绒行业人士谈生产内幕,1315.1万阅读 | @九派新闻,/l?e=74756ymDgJegL%2FpeTDM2BWEWTOCnc82a9F0lmnrXwpNRYlZA7vA5f%2Bm%2FKMBz%2BhJl9YXHCrXsorjW8jvblvFqvzp1ssEBB9xi%2FtfbdmE2PJnXrZCBp16aBJtsruRct%2Fa2uGHVsoEf%2BgOug0qEKUtp%2FwM9IWHFdgK%2FCvjcTVZWjEKmJFgTn7qt%2FhNm6lLGvymUPhR2Xhpd953YKLlqBNFk5vDPnVrg6j%2FxqiJB0Nym%2B5K5TBnIbxn5KUvPX%2BrpK1EOSVVZ8HDXSXHAyI7bgSZRuiF6e0kUY3sXQUM%2F%2B3NQXgmAtgfaTPFMf77U7d2u%2BQmSbVCV79W5%2FuylZ%2B2%2B0fwBcINapTf%2FwmS7
2024-11-29,官方通报学校食堂吃出青虫蜗牛,511.9万阅读 | @新京报,/l?e=cab4Ua3dONTNvawZ6OoBQxFsXYHMUL8E0xcDjEkWB60iClmXqGWJc1W1KvbiPRMHvE3nLjMCcO8kCrZZsfDw6TWAKSvrPJ3i5nI8vSsZCmeY0rZ72mr6lLqte01ZN4ohlppnicKEfJx7xVHeUpjI0hgNT8NOJaxRgumE5pScaGjPpf4%2FxcgG%2B5YGQeRI4VujnuwR1P4NMuH5H1OE%2BcfCeZvk9Z6Xel8HflP9fr8W6s1SXdU%2B%2B4cH3QmPGKqCZbE7fDAqGnwrrj58BK0DNeQQdUV5s1UZrv7Dku9JV2QkhUqi52ZCYWaL%2BeGG3Y7ArEC2Ky7uiNidH7IPlM%2FVcjhEtA%2BhBT0fvF0BaFFD2RYutmS%2B%2B5ttQlChEr2%2BMywDZP6EQwrifAMEtRA%2B5TytcTrfiG0m3xPB
2024-11-29,婚内婚外老婆情人饭局修罗场,剧集 116034,/l?e=0aeeTx8wCuDLhBLHmrkA4H9dYthvJSeK5%2BAGp%2BD%2Fidn49sO2pG1Jm9cu6fH0dpP3lO9zsv5uhHBoYOBKLR4azoyxpXwIhhM74g73XN%2FlQtDwWiW7UASDhgxUhOJ8yMSBPVPetASr%2B9TCnUx5YaQzHZ9WKKMk34lIPRQIFyFYqJLt5jWz4uQLpZwn5ey0BPbqZOVTqOgbp1j4uVY7yG4NMcgFhAX%2Bqk%2Fq4Hm8yBPwpbZSD4auP3wWCgC%2FNKX%2FpvLKQUEXCyBekjSvXNMViKeu8UGpjI8dBwiMszx5542KyE8H6j7KOIh0eP%2FYz5ocv%2BtR4eENhfRx3fjsQzyKFFqHK6i354S873tJm%2BQ97FxxFz%2F%2FczIjOGrAmrNY1iUg5hB9tpU9S3zP
2024-11-29,Puff和Langx和解,22.8万,/l?e=455aY3sYvA0Gw4sloCNf94TEaCoi2tkbjTFOwHKZxlsxTwurhB4T5RlBL%2B6089Bcyx5wbQqyn6y9R9f%2BvR%2B8wfq4K3k7xm%2BlC44gkJSJ%2FzNWUPTGs%2FGsApOZtXqhQsJjwUWEl%2FLfNJ89UdBq93NVcm3E8vvtvQnQt2I0Zfq82Hv9SLlpha%2BOqu%2F9TPE0HBmOzXxL3sHFDrtN
2024-11-29,国乒备战2024成都混团世界杯,12.8万,/l?e=6dc6ojgCriIJ3431OLT2QQVJ1xWTBAawsBq8NHu4Fwsx8q8We2%2Bo%2BKtEYwFFGPn%2BNnMarGoy9N9M2B4YUsMc1YHSVPy5FS49uSPiBuc7wyiL%2BXcqF8gkl%2BvbQjZL51KRYe6SPN5lpYpolDPxsgtT2Kj0WiKw%2FiQ6i%2FEMCbXx4OJsgmry03DsxWhCd0%2Bb%2Ft38guEYa3Gd%2FATmvZkS5BzGurQqj9hO2%2BmQTwB3g9EOqT869aDrsaP7Cd%2Flf94tZ1H8wyGhwOuLVUeB3O4s9N0eH0eUNsgzcYIDYXDrfML1g5G%2BQ%2BALlwi0BqY1ThLQAH84WtPoNvg8rZsshrtbvJX3utCRfPClWW1b3Ggufg
2024-11-29,苏新皓我记得那天阳光很好,22.6万,/l?e=581aY8tBX7GqyyGTdPFuie4V2QYm8xwX2wBCN%2BeyaT%2FsMld38R7n%2BtMimcDz9lVI6IsPle17hZTtkb7urJRMf1VNYJuHIEFn5F13A3G%2Fbug9TG6PBpA5rZHNvYVTVZCvV%2FcUBZEL95sV8K4q7%2BA4ahcjUfmGchEUMRr6iN07WkZjZxjQ8kBimqMprUVj2bH56Dz0uB%2FC5qbG%2FL%2Bc6ZKecmTpfO%2By1k%2B99ws4ffRk6Y3Sf3ErrvhtdQvDNupavH8EjjyXsQWMMiPYtmhn29dkQXEfEwf0w5citYvwUqLRYkD1%2B3ZJqj9e%2FWa78kPv990WxTwot1kkk08dtyFJ77ayeZwjLZz95jXG2mDaqQGMqXV0KgkLTOHq
2024-11-29,金泰亨单曲空降,音乐 168164,/l?e=00a8PD5YWTKc66NDatmmIpL44Qb6G7gOI8XZNZbSHGdgAMOespfT0CuVtw3iYThIRRgAzGcUOmFIIDfPrdOu%2BGl7YxQfhwwhmlNXnR0NnJqJP5mFKZZzoQmucNheYHabuCN6bbjbZZ4weptslIHPEXMjJn63wYWS7tdsTKBQMfjc8KOtAjvOuLCP7zYs%2FsRZRaWuEe1fh6dl%2B4%2BhJy%2BaP8SDCNlF5SdPAbm%2F1hmHwcfRDjntW4hqnuY5USPQFCJF2UBO3JJwHBzFLSbF
2024-11-29,唐嫣粉发未来造型,16.1万,/l?e=d691RqGCWpt86kZQuFRdYGWTaRqY6pfBu0WLVBPjib6a62WqKW0wPnhgNWUwZTIUfNM6eVVtzm%2BgsmJLEPpGFazVOu5ZNzf9HTJyX1pojFOLwzYzq9FT5YubyiTxK3C%2Bln1YktfNCOaZTld4D1FtQN3Yf51cjv5QUCcV80ICysD31fJ%2BKZMkrcv3R%2BGEClzrSkLGY3r3wC4T47GoUlJmwMo01tPIEnM17oEM5Z2ihPQ5F5V%2BOFVGnTDiKeGqeeTjPvhpFczkHie%2B2PsVfjFqcPGY1xg%2BRgi8M9JI
2024-11-29,冯绍峰接想想放学回家,20.8万,/l?e=37e0xJqoi6izvRRRdp08o2MbCGp6HzhIzny9690bvbBy9vU1dQIRG6ZbL%2FHdZj%2FHe2bxc4e8ABg8ps65Nlgmo9Tn5Sk0%2FQpkghF%2F0TA6h%2BowAoqeO1PuOj8hpmuw8QpSo8zTXEZ4JenY7BRMO52iKz2CqiFVHlhdevTqrgRovr77aE%2FSq1z9Hh6ndNCCUr4Z4suLzEMTDyQMZUae0VvHqcfHOi1Ii%2Bn0Yapk0jjFC1t8Q9HGZTctYzUJO7jTvszcWv5%2BD%2FrMQNtuD6qwLVZwUABN2OpF9%2FexKcXcvGsh%2FyVcp1X97vlZZry4%2B0OsAEFL1%2BR3nd9fLB0C
2024-11-29,冲锋衣成顶流是靠什么征服年轻人,12.2万,/l?e=3cd2JuBRH7xVXLKWlQ1eQbVQhwzVoblBQeTI2kNhh%2B1qbdnX1IGrvkwp8qNWorUgCP0tx%2BfpWkXoCZ3Owv9kBvUkdmnlS3oUWsriQxck548lW1MjPtq0IstXwoPGLeQl1LHZ908LfJfnPOn4ZW%2F6jSAaPo5XvauGtum7WAyh5EwurVMhfSnskgWcLOBC8nz%2FCU8UUXzJgayStzBjgzv7X0xJNdBgAdDMSZ%2BdOlqz94BPuCOKNHyx6O9VDLxdXJL2b7CVBMx6c6ud9vzIL%2FxFXR0tiXl5fSk4LLG0MnGHldtXXtpg6N5btnjivMFrK1jiJsgZ9Ke5KVaHB61xy5hLhyVGNUYQ7hjiD%2FpqmweyeZ9LPiEqchJcrsMm6AjCBQloEfymqkym8GODQniTeyOVWq4ulqhcZHACOYoNqJrGWZnQLdiP
